beneficiary_id,full_name,national_id,email,phone,pillar,region,consent_status,consent_type,consent_date,status,enrollment_status,consent_data_sharing,consent_photo_use,consent_sms_contact,consent_external_reporting
INK-2026-1001,John Kiarie,20000413,john.kiarie.1@inuka.org,+254713513231,Tech,North Eastern,Consented,Digital Signature,2026-02-21 11:41:01,Active,Enrolled,1,0,0,1
INK-2026-1002,Catherine Wanjiku,20000511,catherine.wanjiku.2@inuka.org,+254779415866,Plus,North Eastern,Consented,Digital Signature,2026-02-16 11:41:01,Active,Enrolled,1,0,0,1
INK-2026-1003,Zainab Achieng,20000724,zainab.achieng.3@inuka.org,+254791738699,Tech,Central,Consented,Physical Form,2026-04-27 11:41:01,Active,Enrolled,1,1,1,0
INK-2026-1004,Anita Mwangi,20000512,anita.mwangi.4@inuka.org,+254711397857,Scholarship,Rift Valley,Consented,Digital Signature,2026-04-05 11:41:01,Active,Enrolled,1,1,1,0
INK-2026-1005,Stephen Kiarie,20000919,stephen.kiarie.5@inuka.org,+254789704226,Plus,Nairobi,Consented,Physical Form,2026-04-11 11:41:01,Active,Enrolled,1,0,0,0
INK-2026-1006,Stephen Mwangi,20000628,stephen.mwangi.6@inuka.org,+254795425729,Plus,Rift Valley,Pending,nan,nan,Active,Pending Review,0,0,0,0
INK-2026-1007,Esther Mutua,20000363,esther.mutua.7@inuka.org,+254713518578,Vocational,Nyanza,Consented,SMS OTP,2026-06-16 11:41:01,Active,Enrolled,1,1,1,1
INK-2026-1008,Joseph Karanja,20000688,joseph.karanja.8@inuka.org,+254761571641,Vocational,Rift Valley,Consented,Physical Form,2026-02-24 11:41:01,Active,Enrolled,1,0,1,0
INK-2026-1009,John Ochieng,20000263,john.ochieng.9@inuka.org,+254774552197,Plus,Central,Consented,SMS OTP,2026-05-12 11:41:01,Active,Enrolled,1,0,1,0
INK-2026-1010,Fatuma Kimani,20000589,fatuma.kimani.10@inuka.org,+254731414761,Scholarship,North Eastern,Consented,Physical Form,2026-05-18 11:41:01,Active,Enrolled,1,0,1,1
INK-2026-1011,Mercy Omondi,20000882,mercy.omondi.11@inuka.org,+254758557712,Tech,Nairobi,Consented,Digital Signature,2026-04-09 11:41:01,Active,Enrolled,1,1,1,1
INK-2026-1012,Patrick Mohamed,20000862,patrick.mohamed.12@inuka.org,+254770298452,Vocational,Nairobi,Consented,Digital Signature,2026-04-11 11:41:01,Active,Enrolled,1,1,1,0
INK-2026-1013,Catherine Kiarie,20001008,catherine.kiarie.13@inuka.org,+254729784177,Tech,Coastal,Consented,Digital Signature,2026-03-20 11:41:01,Active,Enrolled,1,0,0,0
INK-2026-1014,Julius Sang,20000579,julius.sang.14@inuka.org,+254772323609,Tech,Western,Consented,Physical Form,2026-05-01 11:41:01,Active,Enrolled,1,0,1,1
INK-2026-1015,James Kiarie,20000864,james.kiarie.15@inuka.org,+254725527305,Vocational,Coastal,Withdrawn,Physical Form,2026-08-18 11:41:01,Active,On Hold,0,0,0,0
INK-2026-1016,Simon Koech,20000506,simon.koech.16@inuka.org,+254756498612,Scholarship,Nyanza,Consented,Digital Signature,2026-05-26 11:41:01,Active,Enrolled,1,1,1,0
INK-2026-1017,Kevin Ombati,20000867,kevin.ombati.17@inuka.org,+254753127465,Vocational,Rift Valley,Withdrawn,Physical Form,2026-07-14 11:41:01,Active,On Hold,0,0,0,0
INK-2026-1018,Fatuma Kemei,20000690,fatuma.kemei.18@inuka.org,+254732536154,Tech,Western,Pending,nan,nan,Active,Pending Review,0,0,0,0
INK-2026-1019,Andrew Ali,20000699,andrew.ali.19@inuka.org,+254739265268,Tech,Coastal,Consented,Digital Signature,2026-06-09 11:41:01,Active,Enrolled,1,0,1,1
INK-2026-1020,Evans Odhiambo,20000677,evans.odhiambo.20@inuka.org,+254798820627,Vocational,Nyanza,Consented,Digital Signature,2026-06-30 11:41:01,Active,Enrolled,1,1,1,1
INK-2026-1021,Paul Wangari,20000653,paul.wangari.21@inuka.org,+254718492554,Vocational,North Eastern,Consented,SMS OTP,2026-04-27 11:41:01,Active,Enrolled,1,1,0,1
INK-2026-1022,Mary Jebet,20000502,mary.jebet.22@inuka.org,+254739563101,Vocational,Rift Valley,Consented,Physical Form,2026-03-20 11:41:01,Active,Enrolled,1,1,1,1
INK-2026-1023,Francis Ndwiga,20000973,francis.ndwiga.23@inuka.org,+254785353807,Vocational,Western,Consented,Digital Signature,2026-06-22 11:41:01,Active,Enrolled,1,1,1,1
INK-2026-1024,Asha Ibrahim,20000629,asha.ibrahim.24@inuka.org,+254794244185,Vocational,Rift Valley,Withdrawn,SMS OTP,2026-08-08 11:41:01,Active,On Hold,0,0,0,0
INK-2026-1025,Evans Mohamed,20000672,evans.mohamed.25@inuka.org,+254755890656,Plus,North Eastern,Consented,Digital Signature,2026-08-06 11:41:01,Active,Enrolled,1,0,1,0
INK-2026-1026,Lydia Mohamed,20000567,lydia.mohamed.26@inuka.org,+254763311856,Plus,Eastern,Consented,Digital Signature,2026-02-21 11:41:01,Active,Enrolled,1,1,0,0
INK-2026-1027,John Koech,20001116,john.koech.27@inuka.org,+254775709262,Vocational,Eastern,Consented,Physical Form,2026-03-28 11:41:01,Active,Enrolled,1,1,1,1
INK-2026-1028,Agnes Ombati,20000900,agnes.ombati.28@inuka.org,+254713442651,Plus,North Eastern,Consented,Digital Signature,2026-08-10 11:41:01,Active,Enrolled,1,0,0,1
INK-2026-1029,David Wanjiku,20000749,david.wanjiku.29@inuka.org,+254787770748,Vocational,Nairobi,Consented,Digital Signature,2026-05-28 11:41:01,Active,Enrolled,1,1,1,1
INK-2026-1030,David Sang,20001500,david.sang.30@inuka.org,+254740461956,Plus,Nairobi,Consented,SMS OTP,2026-02-14 11:41:01,Active,Enrolled,1,1,1,1
INK-2026-1031,Beatrice Nyangau,20001018,beatrice.nyangau.31@inuka.org,+254762355761,Plus,Central,Consented,Physical Form,2026-07-05 11:41:01,Active,Enrolled,1,0,0,1
INK-2026-1032,Daniel Mwangi,20001157,daniel.mwangi.32@inuka.org,+254747593434,Scholarship,Rift Valley,Consented,Digital Signature,2026-05-29 11:41:01,Active,Enrolled,1,1,1,1
INK-2026-1033,Wycliffe Karanja,20001295,wycliffe.karanja.33@inuka.org,+254742170377,Tech,Eastern,Consented,SMS OTP,2026-04-08 11:41:01,Active,Enrolled,1,0,1,1
INK-2026-1034,Agnes Karanja,20001546,agnes.karanja.34@inuka.org,+254790893345,Tech,Nyanza,Consented,Physical Form,2026-06-19 11:41:01,Active,Enrolled,1,0,1,1
INK-2026-1035,Wycliffe Sang,20001466,wycliffe.sang.35@inuka.org,+254711412727,Plus,Coastal,Consented,Digital Signature,2026-02-07 11:41:01,Active,Enrolled,1,0,0,0
INK-2026-1036,Patrick Wanjiku,20001097,patrick.wanjiku.36@inuka.org,+254768936709,Plus,Coastal,Consented,Digital Signature,2026-07-25 11:41:01,Active,Enrolled,1,0,1,1
INK-2026-1037,Patrick Barasa,20001379,patrick.barasa.37@inuka.org,+254730901262,Vocational,Coastal,Consented,Digital Signature,2026-05-21 11:41:01,Active,Enrolled,1,1,1,0
INK-2026-1038,Asha Koech,20001102,asha.koech.38@inuka.org,+254780842764,Plus,North Eastern,Withdrawn,Digital Signature,2026-08-19 11:41:01,Active,On Hold,0,0,0,0
INK-2026-1039,Anita Kiprop,20000847,anita.kiprop.39@inuka.org,+254760143468,Plus,Eastern,Consented,SMS OTP,2026-06-04 11:41:01,Active,Enrolled,1,1,1,0
INK-2026-1040,Beatrice Kiptoo,20000861,beatrice.kiptoo.40@inuka.org,+254786242310,Scholarship,Nyanza,Consented,Digital Signature,2026-02-27 11:41:01,Active,Enrolled,1,1,1,0
INK-2026-1041,Florence Karanja,20000803,florence.karanja.41@inuka.org,+254779860672,Tech,Nairobi,Consented,Digital Signature,2026-07-12 11:41:01,Active,Enrolled,1,1,1,0
INK-2026-1042,Julius Koech,20001558,julius.koech.42@inuka.org,+254733359385,Plus,North Eastern,Pending,nan,nan,Active,Pending Review,0,0,0,0
INK-2026-1043,James Kiarie,20001619,james.kiarie.43@inuka.org,+254719985534,Tech,Coastal,Consented,Digital Signature,2026-05-15 11:41:01,Active,Enrolled,1,1,1,1
INK-2026-1044,Patrick Kamau,20001222,patrick.kamau.44@inuka.org,+254782306222,Scholarship,North Eastern,Pending,nan,nan,Active,Pending Review,0,0,0,0
INK-2026-1045,Esther Muthoni,20001068,esther.muthoni.45@inuka.org,+254751188540,Vocational,Coastal,Consented,SMS OTP,2026-02-07 11:41:01,Active,Enrolled,1,1,0,1
INK-2026-1046,Florence Kariuki,20001398,florence.kariuki.46@inuka.org,+254773343254,Plus,Nairobi,Withdrawn,Physical Form,2026-07-09 11:41:01,Active,On Hold,0,0,0,0
INK-2026-1047,Agnes Odhiambo,20001641,agnes.odhiambo.47@inuka.org,+254786797166,Plus,Eastern,Pending,nan,nan,Active,Pending Review,0,0,0,0
INK-2026-1048,Geoffrey Odhiambo,20001148,geoffrey.odhiambo.48@inuka.org,+254736676325,Plus,Eastern,Consented,SMS OTP,2026-08-05 11:41:01,Active,Enrolled,1,1,0,1
INK-2026-1049,Rachael Koech,20001540,rachael.koech.49@inuka.org,+254731162475,Vocational,Western,Consented,SMS OTP,2026-05-15 11:41:01,Active,Enrolled,1,0,1,1
INK-2026-1050,Paul Otieno,20001609,paul.otieno.50@inuka.org,+254795152974,Scholarship,Coastal,Pending,nan,nan,Active,Pending Review,0,0,0,0
INK-2026-1051,Julius Cherono,20001059,julius.cherono.51@inuka.org,+254729501631,Vocational,Eastern,Consented,Digital Signature,2026-08-17 11:41:01,Active,Enrolled,1,0,1,1
INK-2026-1052,Simon Ochieng,20001081,simon.ochieng.52@inuka.org,+254710455991,Plus,Coastal,Consented,SMS OTP,2026-04-04 11:41:01,Active,Enrolled,1,0,1,1
INK-2026-1053,James Ochieng,20001522,james.ochieng.53@inuka.org,+254761894524,Plus,Eastern,Consented,Digital Signature,2026-07-11 11:41:01,Active,Enrolled,1,0,1,1
INK-2026-1054,Paul Nekesa,20001850,paul.nekesa.54@inuka.org,+254751750711,Scholarship,Nyanza,Pending,nan,nan,Active,Pending Review,0,0,0,0
INK-2026-1055,Alice Kimani,20001300,alice.kimani.55@inuka.org,+254779396654,Tech,Western,Consented,Physical Form,2026-06-07 11:41:01,Active,Enrolled,1,1,1,1
INK-2026-1056,Kevin Wambui,20001872,kevin.wambui.56@inuka.org,+254789908757,Tech,Central,Pending,nan,nan,Active,Pending Review,0,0,0,0
INK-2026-1057,Joyce Simiyu,20001897,joyce.simiyu.57@inuka.org,+254770734603,Vocational,Rift Valley,Consented,SMS OTP,2026-08-13 11:41:01,Active,Enrolled,1,0,1,0
INK-2026-1058,Patrick Ombati,20001322,patrick.ombati.58@inuka.org,+254713808368,Tech,Nyanza,Consented,Physical Form,2026-04-04 11:41:01,Active,Enrolled,1,1,1,1
INK-2026-1059,Agnes Kemei,20001946,agnes.kemei.59@inuka.org,+254727433833,Plus,Nairobi,Consented,SMS OTP,2026-04-24 11:41:01,Active,Enrolled,1,1,1,0
INK-2026-1060,Rose Juma,20001543,rose.juma.60@inuka.org,+254774275823,Vocational,North Eastern,Consented,Digital Signature,2026-05-17 11:41:01,Active,Enrolled,1,1,1,1
INK-2026-1061,Faith Juma,20001753,faith.juma.61@inuka.org,+254735719202,Tech,Western,Consented,SMS OTP,2026-05-13 11:41:01,Active,Enrolled,1,0,0,0
INK-2026-1062,Joyce Ochieng,20001159,joyce.ochieng.62@inuka.org,+254721871552,Plus,Coastal,Consented,Physical Form,2026-05-13 11:41:01,Active,Enrolled,1,0,0,1
INK-2026-1063,Esther Nekesa,20002046,esther.nekesa.63@inuka.org,+254761404670,Vocational,Coastal,Consented,SMS OTP,2026-02-12 11:41:01,Active,Enrolled,1,1,1,1
INK-2026-1064,Joseph Simiyu,20001620,joseph.simiyu.64@inuka.org,+254724568406,Scholarship,North Eastern,Consented,Physical Form,2026-04-15 11:41:01,Active,Enrolled,1,1,1,1
INK-2026-1065,Asha Odhiambo,20001695,asha.odhiambo.65@inuka.org,+254782650155,Vocational,Central,Pending,nan,nan,Active,Pending Review,0,0,0,0
INK-2026-1066,Emmanuel Wekesa,20001226,emmanuel.wekesa.66@inuka.org,+254738230349,Tech,Nairobi,Pending,nan,nan,Active,Pending Review,0,0,0,0
INK-2026-1067,Ruth Cherono,20001771,ruth.cherono.67@inuka.org,+254778859204,Plus,North Eastern,Pending,nan,nan,Active,Pending Review,0,0,0,0
INK-2026-1068,James Wangari,20001744,james.wangari.68@inuka.org,+254791347635,Vocational,Nairobi,Consented,Physical Form,2026-05-27 11:41:01,Active,Enrolled,1,0,0,1
INK-2026-1069,Agnes Ombati,20001776,agnes.ombati.69@inuka.org,+254747760353,Plus,North Eastern,Consented,Digital Signature,2026-02-03 11:41:01,Active,Enrolled,1,1,1,1
INK-2026-1070,Esther Wanyama,20001399,esther.wanyama.70@inuka.org,+254716952319,Tech,Central,Consented,Physical Form,2026-06-24 11:41:01,Active,Enrolled,1,1,0,1
INK-2026-1071,Jane Ali,20001422,jane.ali.71@inuka.org,+254743828560,Vocational,North Eastern,Pending,nan,nan,Active,Pending Review,0,0,0,0
INK-2026-1072,Agnes Barasa,20001570,agnes.barasa.72@inuka.org,+254746589494,Plus,Eastern,Pending,nan,nan,Active,Pending Review,0,0,0,0
INK-2026-1073,Charles Chelimo,20001798,charles.chelimo.73@inuka.org,+254797578543,Tech,Nairobi,Consented,SMS OTP,2026-02-13 11:41:01,Active,Enrolled,1,0,0,0
INK-2026-1074,David Sang,20001990,david.sang.74@inuka.org,+254734994506,Tech,Nairobi,Consented,Physical Form,2026-07-19 11:41:01,Active,Enrolled,1,0,1,1
INK-2026-1075,Mercy Onyango,20001908,mercy.onyango.75@inuka.org,+254723425265,Tech,Eastern,Consented,Digital Signature,2026-04-22 11:41:01,Active,Enrolled,1,0,1,0
INK-2026-1076,Peter Wambui,20001517,peter.wambui.76@inuka.org,+254747234109,Tech,Eastern,Consented,Digital Signature,2026-07-23 11:41:01,Active,Enrolled,1,1,1,1
INK-2026-1077,Catherine Wanyama,20001809,catherine.wanyama.77@inuka.org,+254745886132,Plus,Rift Valley,Consented,Digital Signature,2026-07-03 11:41:01,Active,Enrolled,1,1,1,0
INK-2026-1078,Catherine Kiarie,20002021,catherine.kiarie.78@inuka.org,+254729144416,Vocational,Central,Consented,Digital Signature,2026-03-29 11:41:01,Active,Enrolled,1,1,1,0
INK-2026-1079,Anita Onyango,20002017,anita.onyango.79@inuka.org,+254737161150,Scholarship,Eastern,Withdrawn,Physical Form,2026-08-10 11:41:01,Active,On Hold,0,0,0,0
INK-2026-1080,Robert Hassan,20002105,robert.hassan.80@inuka.org,+254716710393,Vocational,Nyanza,Consented,Physical Form,2026-02-15 11:41:01,Active,Enrolled,1,1,0,0
INK-2026-1081,Andrew Nekesa,20002370,andrew.nekesa.81@inuka.org,+254733222862,Vocational,Nairobi,Consented,Digital Signature,2026-05-20 11:41:01,Active,Enrolled,1,0,1,1
INK-2026-1082,Simon Wambui,20001646,simon.wambui.82@inuka.org,+254797621677,Plus,Western,Consented,Physical Form,2026-04-23 11:41:01,Active,Enrolled,1,0,1,1
INK-2026-1083,Emmanuel Nyambura,20002361,emmanuel.nyambura.83@inuka.org,+254736832985,Tech,Coastal,Consented,Physical Form,2026-04-16 11:41:01,Active,Enrolled,1,1,1,0
INK-2026-1084,Mercy Muthoni,20001717,mercy.muthoni.84@inuka.org,+254712137458,Plus,Rift Valley,Withdrawn,SMS OTP,2026-07-13 11:41:01,Active,On Hold,0,0,0,0
INK-2026-1085,Simon Mwangi,20002089,simon.mwangi.85@inuka.org,+254737237614,Vocational,Central,Consented,Physical Form,2026-02-15 11:41:01,Active,Enrolled,1,0,1,0
INK-2026-1086,Wycliffe Koech,20002176,wycliffe.koech.86@inuka.org,+254714158988,Scholarship,Western,Consented,SMS OTP,2026-02-09 11:41:01,Active,Enrolled,1,1,1,0
INK-2026-1087,Wycliffe Njoroge,20002327,wycliffe.njoroge.87@inuka.org,+254785882237,Tech,Nyanza,Consented,Digital Signature,2026-06-15 11:41:01,Active,Enrolled,1,1,0,1
INK-2026-1088,Wycliffe Nduku,20002449,wycliffe.nduku.88@inuka.org,+254719529433,Plus,Nyanza,Consented,Physical Form,2026-02-13 11:41:01,Active,Enrolled,1,1,1,1
INK-2026-1089,Asha Juma,20001716,asha.juma.89@inuka.org,+254765261249,Tech,North Eastern,Consented,SMS OTP,2026-04-20 11:41:01,Active,Enrolled,1,1,0,0
INK-2026-1090,John Kimani,20001745,john.kimani.90@inuka.org,+254789932265,Tech,Central,Consented,SMS OTP,2026-05-01 11:41:01,Active,Enrolled,1,1,1,1
INK-2026-1091,Esther Ombati,20002424,esther.ombati.91@inuka.org,+254752542196,Vocational,Eastern,Consented,Digital Signature,2026-05-11 11:41:01,Active,Enrolled,1,0,1,0
INK-2026-1092,Michael Kiarie,20001758,michael.kiarie.92@inuka.org,+254749252860,Tech,North Eastern,Consented,Physical Form,2026-08-11 11:41:01,Active,Enrolled,1,0,0,0
INK-2026-1093,John Sang,20002382,john.sang.93@inuka.org,+254794465636,Scholarship,Western,Consented,SMS OTP,2026-07-09 11:41:01,Active,Enrolled,1,1,0,1
INK-2026-1094,Beatrice Ombati,20002509,beatrice.ombati.94@inuka.org,+254718388982,Scholarship,Rift Valley,Consented,SMS OTP,2026-03-22 11:41:01,Active,Enrolled,1,0,1,0
INK-2026-1095,Grace Rotich,20001816,grace.rotich.95@inuka.org,+254753503285,Plus,Rift Valley,Pending,nan,nan,Active,Pending Review,0,0,0,0
INK-2026-1096,Moses Ali,20002436,moses.ali.96@inuka.org,+254769197229,Vocational,Coastal,Consented,SMS OTP,2026-05-26 11:41:01,Active,Enrolled,1,1,1,0
INK-2026-1097,Joseph Cherono,20002264,joseph.cherono.97@inuka.org,+254758634529,Tech,Nyanza,Consented,Digital Signature,2026-05-28 11:41:01,Active,Enrolled,1,1,1,1
INK-2026-1098,Kevin Chepkemoi,20002275,kevin.chepkemoi.98@inuka.org,+254784181384,Plus,Coastal,Pending,nan,nan,Active,Pending Review,0,0,0,0
INK-2026-1099,Stephen Wekesa,20002251,stephen.wekesa.99@inuka.org,+254768425814,Plus,Eastern,Consented,SMS OTP,2026-04-14 11:41:01,Active,Enrolled,1,0,1,0
INK-2026-1100,Halima Kiprop,20002078,halima.kiprop.100@inuka.org,+254726174343,Scholarship,Central,Consented,Physical Form,2026-07-28 11:41:01,Active,Enrolled,1,1,1,1
INK-2026-1101,Robert Wamalwa,20001869,robert.wamalwa.101@inuka.org,+254728186276,Scholarship,Nyanza,Consented,Physical Form,2026-08-06 11:41:01,Active,Enrolled,1,1,1,1
INK-2026-1102,Beatrice Omondi,20002614,beatrice.omondi.102@inuka.org,+254725691207,Vocational,Eastern,Consented,Physical Form,2026-07-11 11:41:01,Active,Enrolled,1,1,1,0
INK-2026-1103,David Mutua,20002556,david.mutua.103@inuka.org,+254778381133,Scholarship,Nairobi,Consented,Physical Form,2026-03-22 11:41:01,Active,Enrolled,1,1,1,0
INK-2026-1104,Joseph Mwangi,20001917,joseph.mwangi.104@inuka.org,+254742534677,Vocational,Coastal,Pending,nan,nan,Active,Pending Review,0,0,0,0
INK-2026-1105,John Kemei,20002463,john.kemei.105@inuka.org,+254794180750,Plus,Western,Consented,Digital Signature,2026-04-02 11:41:01,Active,Enrolled,1,1,1,0
INK-2026-1106,Florence Lagat,20002622,florence.lagat.106@inuka.org,+254752738378,Vocational,Central,Consented,SMS OTP,2026-07-11 11:41:01,Active,Enrolled,1,0,1,0
INK-2026-1107,Paul Ochieng,20002333,paul.ochieng.107@inuka.org,+254714887528,Tech,Rift Valley,Consented,SMS OTP,2026-05-19 11:41:01,Active,Enrolled,1,0,1,1
INK-2026-1108,Beatrice Ombati,20002573,beatrice.ombati.108@inuka.org,+254735745515,Scholarship,Eastern,Consented,Physical Form,2026-07-05 11:41:01,Active,Enrolled,1,0,1,0
INK-2026-1109,Rose Onyango,20002320,rose.onyango.109@inuka.org,+254754559966,Tech,Western,Consented,SMS OTP,2026-07-18 11:41:01,Active,Enrolled,1,0,0,1
INK-2026-1110,Esther Mwangi,20002027,esther.mwangi.110@inuka.org,+254795473117,Plus,North Eastern,Consented,Digital Signature,2026-03-12 11:41:01,Active,Enrolled,1,0,0,1
INK-2026-1111,Lydia Wangari,20002833,lydia.wangari.111@inuka.org,+254793180212,Tech,Eastern,Consented,Physical Form,2026-05-18 11:41:01,Active,Enrolled,1,1,1,0
INK-2026-1112,Wycliffe Odhiambo,20002510,wycliffe.odhiambo.112@inuka.org,+254797239504,Tech,Coastal,Withdrawn,Physical Form,2026-07-16 11:41:01,Active,On Hold,0,0,0,0
INK-2026-1113,Geoffrey Kiptoo,20002030,geoffrey.kiptoo.113@inuka.org,+254775545147,Vocational,North Eastern,Consented,Physical Form,2026-06-17 11:41:01,Active,Enrolled,1,1,1,0
INK-2026-1114,Paul Ali,20002069,paul.ali.114@inuka.org,+254730658573,Scholarship,Coastal,Consented,SMS OTP,2026-08-15 11:41:01,Active,Enrolled,1,0,1,1
INK-2026-1115,Simon Ombati,20002876,simon.ombati.115@inuka.org,+254785152650,Tech,Nairobi,Pending,nan,nan,Active,Pending Review,0,0,0,0
INK-2026-1116,Zainab Omondi,20002267,zainab.omondi.116@inuka.org,+254780219601,Scholarship,Western,Consented,Digital Signature,2026-02-12 11:41:01,Active,Enrolled,1,0,1,1
INK-2026-1117,Grace Kimani,20002616,grace.kimani.117@inuka.org,+254740873973,Plus,Nyanza,Consented,SMS OTP,2026-06-14 11:41:01,Active,Enrolled,1,1,1,1
INK-2026-1118,Julius Wanjiku,20002258,julius.wanjiku.118@inuka.org,+254790844495,Scholarship,Coastal,Consented,SMS OTP,2026-04-21 11:41:01,Active,Enrolled,1,0,1,0
INK-2026-1119,Patrick Wangari,20002801,patrick.wangari.119@inuka.org,+254792641227,Plus,Eastern,Consented,Digital Signature,2026-03-15 11:41:01,Active,Enrolled,1,0,0,0
INK-2026-1120,Lydia Wamalwa,20002550,lydia.wamalwa.120@inuka.org,+254773550628,Tech,Rift Valley,Consented,SMS OTP,2026-04-05 11:41:01,Active,Enrolled,1,1,1,1
INK-2026-1121,Julius Wangari,20002264,julius.wangari.121@inuka.org,+254761604390,Scholarship,Central,Consented,SMS OTP,2026-06-15 11:41:01,Active,Enrolled,1,1,1,1
INK-2026-1122,Geoffrey Kipruto,20002999,geoffrey.kipruto.122@inuka.org,+254736514468,Plus,Rift Valley,Consented,Physical Form,2026-03-16 11:41:01,Active,Enrolled,1,1,1,1
INK-2026-1123,Daniel Koech,20002577,daniel.koech.123@inuka.org,+254716275171,Vocational,Rift Valley,Consented,SMS OTP,2026-06-08 11:41:01,Active,Enrolled,1,1,0,0
INK-2026-1124,Francis Ekiru,20002814,francis.ekiru.124@inuka.org,+254782572477,Tech,Nairobi,Consented,SMS OTP,2026-07-15 11:41:01,Active,Enrolled,1,1,1,1
INK-2026-1125,Patrick Lagat,20002607,patrick.lagat.125@inuka.org,+254753231430,Scholarship,North Eastern,Consented,Digital Signature,2026-06-23 11:41:01,Active,Enrolled,1,1,1,1
INK-2026-1126,Jane Wambui,20003118,jane.wambui.126@inuka.org,+254716524332,Scholarship,Eastern,Consented,SMS OTP,2026-08-11 11:41:01,Active,Enrolled,1,1,0,0
INK-2026-1127,Francis Kemei,20003131,francis.kemei.127@inuka.org,+254732205874,Scholarship,Rift Valley,Withdrawn,SMS OTP,2026-08-04 11:41:01,Active,On Hold,0,0,0,0
INK-2026-1128,Faith Odhiambo,20002642,faith.odhiambo.128@inuka.org,+254776836742,Scholarship,Rift Valley,Consented,Digital Signature,2026-03-22 11:41:01,Active,Enrolled,1,1,1,0
INK-2026-1129,Daniel Wangari,20003094,daniel.wangari.129@inuka.org,+254721651368,Scholarship,Nairobi,Pending,nan,nan,Active,Pending Review,0,0,0,0
INK-2026-1130,Paul Odhiambo,20002786,paul.odhiambo.130@inuka.org,+254726691999,Scholarship,Central,Consented,Digital Signature,2026-06-13 11:41:01,Active,Enrolled,1,1,0,1
INK-2026-1131,Gladys Ombati,20003194,gladys.ombati.131@inuka.org,+254719850349,Plus,Rift Valley,Consented,Physical Form,2026-05-21 11:41:01,Active,Enrolled,1,1,0,1
INK-2026-1132,David Maina,20002898,david.maina.132@inuka.org,+254711545676,Scholarship,North Eastern,Consented,SMS OTP,2026-04-16 11:41:01,Active,Enrolled,1,1,1,1
INK-2026-1133,Emmanuel Nekesa,20002625,emmanuel.nekesa.133@inuka.org,+254745281551,Vocational,Western,Consented,Digital Signature,2026-02-21 11:41:01,Active,Enrolled,1,0,1,0
INK-2026-1134,Eunice Omondi,20002761,eunice.omondi.134@inuka.org,+254721753614,Vocational,Western,Consented,Physical Form,2026-02-04 11:41:01,Active,Enrolled,1,0,1,1
INK-2026-1135,Paul Otieno,20002441,paul.otieno.135@inuka.org,+254750215943,Tech,Central,Consented,Physical Form,2026-04-11 11:41:01,Active,Enrolled,1,0,1,0
INK-2026-1136,Daniel Ekiru,20003147,daniel.ekiru.136@inuka.org,+254765942956,Plus,Western,Withdrawn,Digital Signature,2026-08-15 11:41:01,Active,On Hold,0,0,0,0
INK-2026-1137,Paul Odhiambo,20003275,paul.odhiambo.137@inuka.org,+254761216420,Plus,Central,Consented,Digital Signature,2026-02-26 11:41:01,Active,Enrolled,1,1,1,1
INK-2026-1138,David Kariuki,20002912,david.kariuki.138@inuka.org,+254728758533,Tech,Coastal,Consented,Physical Form,2026-04-04 11:41:01,Active,Enrolled,1,1,0,1
INK-2026-1139,Halima Ibrahim,20002955,halima.ibrahim.139@inuka.org,+254798788941,Plus,Rift Valley,Consented,SMS OTP,2026-08-18 11:41:01,Active,Enrolled,1,1,1,1
INK-2026-1140,Rachael Chelimo,20002601,rachael.chelimo.140@inuka.org,+254726275211,Tech,Rift Valley,Pending,nan,nan,Active,Pending Review,0,0,0,0
INK-2026-1141,Kevin Achieng,20002849,kevin.achieng.141@inuka.org,+254748345674,Plus,Coastal,Consented,Physical Form,2026-07-28 11:41:01,Active,Enrolled,1,1,1,1
INK-2026-1142,Francis Lagat,20003156,francis.lagat.142@inuka.org,+254792963632,Plus,Western,Consented,Digital Signature,2026-02-27 11:41:01,Active,Enrolled,1,1,1,1
INK-2026-1143,Moses Wangari,20003064,moses.wangari.143@inuka.org,+254718411489,Plus,Coastal,Consented,Physical Form,2026-03-08 11:41:01,Active,Enrolled,1,1,0,1
INK-2026-1144,Jane Juma,20002850,jane.juma.144@inuka.org,+254731478908,Scholarship,North Eastern,Consented,SMS OTP,2026-04-13 11:41:01,Active,Enrolled,1,0,1,1
INK-2026-1145,Charles Ombati,20003357,charles.ombati.145@inuka.org,+254797611268,Tech,Western,Consented,Digital Signature,2026-04-17 11:41:01,Active,Enrolled,1,0,0,1
INK-2026-1146,Daniel Wekesa,20003087,daniel.wekesa.146@inuka.org,+254760526294,Plus,North Eastern,Consented,Physical Form,2026-06-18 11:41:01,Active,Enrolled,1,1,1,1
INK-2026-1147,Geoffrey Kamau,20002676,geoffrey.kamau.147@inuka.org,+254719193540,Tech,Eastern,Pending,nan,nan,Active,Pending Review,0,0,0,0
INK-2026-1148,Fatuma Barasa,20003034,fatuma.barasa.148@inuka.org,+254749929944,Tech,Nyanza,Consented,SMS OTP,2026-02-28 11:41:01,Active,Enrolled,1,1,1,1
INK-2026-1149,Asha Kemei,20002739,asha.kemei.149@inuka.org,+254736431685,Tech,Nairobi,Pending,nan,nan,Active,Pending Review,0,0,0,0
INK-2026-1150,Anita Kiprop,20003527,anita.kiprop.150@inuka.org,+254798748424,Plus,Nyanza,Consented,Digital Signature,2026-04-20 11:41:01,Active,Enrolled,1,0,1,1
INK-2026-1151,Halima Chepkemoi,20003041,halima.chepkemoi.151@inuka.org,+254748245769,Plus,Western,Pending,nan,nan,Active,Pending Review,0,0,0,0
INK-2026-1152,Francis Wambui,20002820,francis.wambui.152@inuka.org,+254793236699,Scholarship,Coastal,Consented,Digital Signature,2026-05-31 11:41:01,Active,Enrolled,1,1,1,1
INK-2026-1153,Zainab Kariuki,20002903,zainab.kariuki.153@inuka.org,+254784842615,Vocational,Central,Consented,Digital Signature,2026-05-18 11:41:01,Active,Enrolled,1,1,1,1
INK-2026-1154,Emmanuel Wangari,20003316,emmanuel.wangari.154@inuka.org,+254716771848,Vocational,Western,Consented,Digital Signature,2026-08-18 11:41:01,Active,Enrolled,1,0,1,1
INK-2026-1155,Anita Kipkorir,20003186,anita.kipkorir.155@inuka.org,+254743895930,Tech,Eastern,Consented,Digital Signature,2026-03-12 11:41:01,Active,Enrolled,1,1,0,1
INK-2026-1156,Kevin Wambui,20003440,kevin.wambui.156@inuka.org,+254795856733,Tech,Central,Consented,Physical Form,2026-03-05 11:41:01,Active,Enrolled,1,0,1,1
INK-2026-1157,Fatuma Mutua,20003132,fatuma.mutua.157@inuka.org,+254762520604,Tech,Nyanza,Pending,nan,nan,Active,Pending Review,0,0,0,0
INK-2026-1158,Philip Otieno,20003678,philip.otieno.158@inuka.org,+254727768186,Scholarship,Rift Valley,Consented,Digital Signature,2026-04-07 11:41:01,Active,Enrolled,1,0,0,0
INK-2026-1159,Esther Cherono,20003407,esther.cherono.159@inuka.org,+254737297817,Vocational,North Eastern,Consented,Digital Signature,2026-06-10 11:41:01,Active,Enrolled,1,1,0,1
INK-2026-1160,Paul Wanyama,20003440,paul.wanyama.160@inuka.org,+254773448236,Tech,Rift Valley,Consented,Physical Form,2026-02-14 11:41:01,Active,Enrolled,1,0,1,0
INK-2026-1161,Collins Ndwiga,20003522,collins.ndwiga.161@inuka.org,+254716668633,Tech,Nairobi,Consented,SMS OTP,2026-07-03 11:41:01,Active,Enrolled,1,1,0,1
INK-2026-1162,Kevin Ndwiga,20002933,kevin.ndwiga.162@inuka.org,+254768115438,Vocational,Central,Consented,SMS OTP,2026-05-05 11:41:01,Active,Enrolled,1,1,1,1
INK-2026-1163,Patrick Karanja,20003759,patrick.karanja.163@inuka.org,+254732213961,Tech,North Eastern,Consented,SMS OTP,2026-05-24 11:41:01,Active,Enrolled,1,1,1,0
INK-2026-1164,Patrick Rotich,20003696,patrick.rotich.164@inuka.org,+254797191532,Scholarship,Central,Consented,Physical Form,2026-05-15 11:41:01,Active,Enrolled,1,1,1,1
INK-2026-1165,Evans Hassan,20002983,evans.hassan.165@inuka.org,+254733790203,Tech,Western,Consented,Physical Form,2026-08-06 11:41:01,Active,Enrolled,1,0,1,1
INK-2026-1166,Sarah Odhiambo,20003174,sarah.odhiambo.166@inuka.org,+254724858460,Plus,Nairobi,Consented,SMS OTP,2026-02-18 11:41:01,Active,Enrolled,1,1,0,1
INK-2026-1167,Gladys Lagat,20003180,gladys.lagat.167@inuka.org,+254763188427,Scholarship,Coastal,Consented,SMS OTP,2026-07-21 11:41:01,Active,Enrolled,1,1,0,1
INK-2026-1168,Alice Lagat,20003272,alice.lagat.168@inuka.org,+254777956937,Plus,Nyanza,Consented,SMS OTP,2026-07-25 11:41:01,Active,Enrolled,1,1,1,0
INK-2026-1169,Mercy Ekiru,20003440,mercy.ekiru.169@inuka.org,+254730194613,Plus,North Eastern,Consented,Physical Form,2026-03-11 11:41:01,Active,Enrolled,1,1,1,1
INK-2026-1170,Grace Mwangi,20003052,grace.mwangi.170@inuka.org,+254716606376,Tech,Nyanza,Consented,SMS OTP,2026-04-05 11:41:01,Active,Enrolled,1,1,1,0
INK-2026-1171,Grace Ochieng,20003882,grace.ochieng.171@inuka.org,+254773884943,Scholarship,Rift Valley,Consented,Digital Signature,2026-05-14 11:41:01,Active,Enrolled,1,1,0,0
INK-2026-1172,Lucy Wangari,20003789,lucy.wangari.172@inuka.org,+254787795222,Tech,Nairobi,Pending,nan,nan,Active,Pending Review,0,0,0,0
INK-2026-1173,Peter Nekesa,20003685,peter.nekesa.173@inuka.org,+254777453420,Vocational,Nyanza,Consented,Digital Signature,2026-02-12 11:41:01,Active,Enrolled,1,1,1,0
INK-2026-1174,Catherine Ndwiga,20003257,catherine.ndwiga.174@inuka.org,+254766620188,Tech,Nairobi,Consented,Digital Signature,2026-06-20 11:41:01,Active,Enrolled,1,1,1,1
INK-2026-1175,Grace Cherono,20003452,grace.cherono.175@inuka.org,+254736958528,Tech,Central,Consented,Physical Form,2026-04-12 11:41:01,Active,Enrolled,1,0,1,1
INK-2026-1176,Michael Kariuki,20003876,michael.kariuki.176@inuka.org,+254767642343,Vocational,Nairobi,Consented,Digital Signature,2026-07-13 11:41:01,Active,Enrolled,1,1,1,1
INK-2026-1177,Patrick Nduku,20003456,patrick.nduku.177@inuka.org,+254774862199,Vocational,Nairobi,Consented,SMS OTP,2026-06-14 11:41:01,Active,Enrolled,1,1,1,0
INK-2026-1178,Emmanuel Kamau,20003213,emmanuel.kamau.178@inuka.org,+254753692909,Scholarship,North Eastern,Consented,Digital Signature,2026-05-27 11:41:01,Active,Enrolled,1,1,1,1
INK-2026-1179,Evans Wanyama,20003396,evans.wanyama.179@inuka.org,+254728816180,Tech,Nairobi,Consented,SMS OTP,2026-07-01 11:41:01,Active,Enrolled,1,0,1,1
INK-2026-1180,Faith Koech,20004034,faith.koech.180@inuka.org,+254732924555,Vocational,Central,Consented,SMS OTP,2026-03-02 11:41:01,Active,Enrolled,1,1,1,0
INK-2026-1181,Gladys Nekesa,20003678,gladys.nekesa.181@inuka.org,+254735697366,Scholarship,North Eastern,Consented,Physical Form,2026-06-16 11:41:01,Active,Enrolled,1,0,1,0
INK-2026-1182,Mary Ekiru,20003542,mary.ekiru.182@inuka.org,+254772360833,Plus,Nyanza,Pending,nan,nan,Active,Pending Review,0,0,0,0
INK-2026-1183,Paul Kipruto,20004083,paul.kipruto.183@inuka.org,+254784286257,Vocational,Eastern,Consented,SMS OTP,2026-08-01 11:41:01,Active,Enrolled,1,1,1,1
INK-2026-1184,David Ali,20003382,david.ali.184@inuka.org,+254774886736,Vocational,Rift Valley,Pending,nan,nan,Active,Pending Review,0,0,0,0
INK-2026-1185,Brian Kipruto,20003812,brian.kipruto.185@inuka.org,+254773939708,Plus,Nyanza,Consented,Digital Signature,2026-07-08 11:41:01,Active,Enrolled,1,1,1,1
INK-2026-1186,Zainab Muthoni,20003683,zainab.muthoni.186@inuka.org,+254734789117,Plus,Western,Consented,Digital Signature,2026-07-08 11:41:01,Active,Enrolled,1,1,0,0
INK-2026-1187,Paul Lagat,20003738,paul.lagat.187@inuka.org,+254715461144,Scholarship,Central,Pending,nan,nan,Active,Pending Review,0,0,0,0
INK-2026-1188,Andrew Sang,20003508,andrew.sang.188@inuka.org,+254788492216,Tech,Eastern,Consented,Digital Signature,2026-05-01 11:41:01,Active,Enrolled,1,1,1,1
INK-2026-1189,Rose Chelimo,20003328,rose.chelimo.189@inuka.org,+254712590142,Scholarship,Central,Consented,Digital Signature,2026-06-20 11:41:01,Active,Enrolled,1,1,1,0
INK-2026-1190,Wycliffe Kemei,20004012,wycliffe.kemei.190@inuka.org,+254771166764,Scholarship,Coastal,Withdrawn,Physical Form,2026-08-17 11:41:01,Active,On Hold,0,0,0,0
INK-2026-1191,Rachael Chelimo,20004163,rachael.chelimo.191@inuka.org,+254725274319,Scholarship,Nairobi,Consented,Digital Signature,2026-08-03 11:41:01,Active,Enrolled,1,1,1,1
INK-2026-1192,Mercy Wambui,20003562,mercy.wambui.192@inuka.org,+254768557387,Plus,Coastal,Consented,Digital Signature,2026-04-24 11:41:01,Active,Enrolled,1,0,1,1
INK-2026-1193,Stephen Odhiambo,20003674,stephen.odhiambo.193@inuka.org,+254790641989,Tech,Nyanza,Consented,SMS OTP,2026-06-02 11:41:01,Active,Enrolled,1,1,1,1
INK-2026-1194,Jane Kariuki,20003626,jane.kariuki.194@inuka.org,+254730846467,Vocational,Coastal,Consented,SMS OTP,2026-04-29 11:41:01,Active,Enrolled,1,1,0,0
INK-2026-1195,Grace Omondi,20003644,grace.omondi.195@inuka.org,+254793880196,Plus,Eastern,Consented,SMS OTP,2026-03-23 11:41:01,Active,Enrolled,1,1,1,1
INK-2026-1196,Rose Ekiru,20003459,rose.ekiru.196@inuka.org,+254796363903,Vocational,Rift Valley,Withdrawn,Digital Signature,2026-07-06 11:41:01,Active,On Hold,0,0,0,0
INK-2026-1197,Asha Onyango,20004018,asha.onyango.197@inuka.org,+254775711655,Vocational,Central,Consented,Digital Signature,2026-04-28 11:41:01,Active,Enrolled,1,1,1,1
INK-2026-1198,David Nduku,20004255,david.nduku.198@inuka.org,+254744683732,Plus,Central,Consented,SMS OTP,2026-08-05 11:41:01,Active,Enrolled,1,0,1,0
INK-2026-1199,Gladys Odhiambo,20004371,gladys.odhiambo.199@inuka.org,+254776978835,Plus,Nairobi,Consented,Physical Form,2026-04-22 11:41:01,Active,Enrolled,1,1,0,1
INK-2026-1200,Peter Mohamed,20004155,peter.mohamed.200@inuka.org,+254726756268,Plus,North Eastern,Consented,Digital Signature,2026-07-03 11:41:01,Active,Enrolled,1,0,0,1
INK-2026-1201,Wycliffe Wanjiku,20003854,wycliffe.wanjiku.201@inuka.org,+254791769331,Plus,Rift Valley,Consented,Digital Signature,2026-08-14 11:41:01,Active,Enrolled,1,1,0,1
INK-2026-1202,Collins Mwangi,20004015,collins.mwangi.202@inuka.org,+254716172416,Plus,Rift Valley,Withdrawn,Physical Form,2026-08-03 11:41:01,Active,On Hold,0,0,0,0
INK-2026-1203,Jane Rotich,20003844,jane.rotich.203@inuka.org,+254733305835,Tech,Eastern,Consented,Physical Form,2026-04-21 11:41:01,Active,Enrolled,1,0,0,1
INK-2026-1204,Philip Ibrahim,20003959,philip.ibrahim.204@inuka.org,+254728207517,Plus,Coastal,Consented,Digital Signature,2026-04-08 11:41:01,Active,Enrolled,1,0,0,1
INK-2026-1205,Patrick Nduku,20004399,patrick.nduku.205@inuka.org,+254732766594,Plus,Coastal,Consented,Digital Signature,2026-04-21 11:41:01,Active,Enrolled,1,1,1,0
INK-2026-1206,Evans Mohamed,20004352,evans.mohamed.206@inuka.org,+254713238729,Vocational,Eastern,Consented,Physical Form,2026-08-02 11:41:01,Active,Enrolled,1,0,0,1
INK-2026-1207,Florence Koech,20004494,florence.koech.207@inuka.org,+254741955299,Scholarship,Western,Consented,Digital Signature,2026-05-15 11:41:01,Active,Enrolled,1,1,1,0
INK-2026-1208,Beatrice Koech,20003899,beatrice.koech.208@inuka.org,+254777909442,Vocational,Nairobi,Consented,SMS OTP,2026-06-25 11:41:01,Active,Enrolled,1,0,1,1
INK-2026-1209,Eunice Wangari,20003832,eunice.wangari.209@inuka.org,+254741236529,Scholarship,Nyanza,Pending,nan,nan,Active,Pending Review,0,0,0,0
INK-2026-1210,Asha Mutua,20004041,asha.mutua.210@inuka.org,+254773495482,Vocational,North Eastern,Consented,Physical Form,2026-02-19 11:41:01,Active,Enrolled,1,0,1,1
INK-2026-1211,Alice Hassan,20003745,alice.hassan.211@inuka.org,+254736280726,Tech,Nyanza,Consented,SMS OTP,2026-07-06 11:41:01,Active,Enrolled,1,1,1,1
INK-2026-1212,Joseph Mwangi,20003746,joseph.mwangi.212@inuka.org,+254790514784,Plus,Western,Consented,Physical Form,2026-07-09 11:41:01,Active,Enrolled,1,0,1,0
INK-2026-1213,Beatrice Hassan,20004017,beatrice.hassan.213@inuka.org,+254794764692,Scholarship,Nairobi,Consented,SMS OTP,2026-06-14 11:41:01,Active,Enrolled,1,1,1,1
INK-2026-1214,Geoffrey Ndwiga,20004459,geoffrey.ndwiga.214@inuka.org,+254777969730,Plus,North Eastern,Consented,Physical Form,2026-04-17 11:41:01,Active,Enrolled,1,1,1,1
INK-2026-1215,Sarah Mutua,20003853,sarah.mutua.215@inuka.org,+254797448348,Vocational,Rift Valley,Consented,Physical Form,2026-08-19 11:41:01,Active,Enrolled,1,1,1,0
INK-2026-1216,Rose Nduku,20003775,rose.nduku.216@inuka.org,+254792441952,Plus,Nairobi,Pending,nan,nan,Active,Pending Review,0,0,0,0
INK-2026-1217,Brian Cherono,20003912,brian.cherono.217@inuka.org,+254719892624,Plus,Nyanza,Consented,SMS OTP,2026-06-05 11:41:01,Active,Enrolled,1,1,1,1
INK-2026-1218,Ruth Ibrahim,20003908,ruth.ibrahim.218@inuka.org,+254773969307,Scholarship,Western,Pending,nan,nan,Active,Pending Review,0,0,0,0
INK-2026-1219,Asha Kemei,20004321,asha.kemei.219@inuka.org,+254747464659,Plus,Rift Valley,Consented,SMS OTP,2026-02-04 11:41:01,Active,Enrolled,1,1,1,0
INK-2026-1220,Mercy Nyangau,20004528,mercy.nyangau.220@inuka.org,+254789597727,Plus,Western,Consented,SMS OTP,2026-04-02 11:41:01,Active,Enrolled,1,1,1,1
INK-2026-1221,Julius Kimani,20004506,julius.kimani.221@inuka.org,+254785718184,Scholarship,North Eastern,Consented,Physical Form,2026-08-19 11:41:01,Active,Enrolled,1,0,1,1
INK-2026-1222,Michael Cherono,20004281,michael.cherono.222@inuka.org,+254779322154,Scholarship,North Eastern,Pending,nan,nan,Active,Pending Review,0,0,0,0
INK-2026-1223,Sarah Mwangi,20004264,sarah.mwangi.223@inuka.org,+254770421155,Scholarship,Rift Valley,Consented,Physical Form,2026-05-05 11:41:01,Active,Enrolled,1,1,0,0
INK-2026-1224,Charles Ndwiga,20004173,charles.ndwiga.224@inuka.org,+254747520581,Tech,North Eastern,Consented,SMS OTP,2026-05-17 11:41:01,Active,Enrolled,1,1,1,1
INK-2026-1225,Michael Ibrahim,20004225,michael.ibrahim.225@inuka.org,+254743207795,Plus,Rift Valley,Consented,Digital Signature,2026-03-04 11:41:01,Active,Enrolled,1,1,0,1
INK-2026-1226,Rachael Kamau,20004019,rachael.kamau.226@inuka.org,+254733783637,Scholarship,Nairobi,Consented,Digital Signature,2026-08-07 11:41:01,Active,Enrolled,1,0,1,1
INK-2026-1227,Florence Ali,20004247,florence.ali.227@inuka.org,+254735198483,Tech,Nyanza,Consented,SMS OTP,2026-06-30 11:41:01,Active,Enrolled,1,0,0,0
INK-2026-1228,Mary Onyango,20004862,mary.onyango.228@inuka.org,+254755848256,Vocational,Nyanza,Consented,Digital Signature,2026-08-20 11:41:01,Active,Enrolled,1,1,1,0
INK-2026-1229,Sarah Kiprop,20004129,sarah.kiprop.229@inuka.org,+254714471114,Vocational,Rift Valley,Consented,Physical Form,2026-07-06 11:41:01,Active,Enrolled,1,1,1,1
INK-2026-1230,Mary Kamau,20004058,mary.kamau.230@inuka.org,+254799981967,Scholarship,Rift Valley,Consented,SMS OTP,2026-04-09 11:41:01,Active,Enrolled,1,0,1,0
INK-2026-1231,Alice Chepkemoi,20004487,alice.chepkemoi.231@inuka.org,+254765878345,Plus,North Eastern,Consented,Digital Signature,2026-05-08 11:41:01,Active,Enrolled,1,0,1,1
INK-2026-1232,Rose Kemei,20004051,rose.kemei.232@inuka.org,+254787450538,Vocational,Eastern,Consented,SMS OTP,2026-06-04 11:41:01,Active,Enrolled,1,0,1,0
INK-2026-1233,Wycliffe Muthoni,20004378,wycliffe.muthoni.233@inuka.org,+254734662177,Scholarship,Western,Consented,SMS OTP,2026-06-19 11:41:01,Active,Enrolled,1,1,1,0
INK-2026-1234,Moses Chelimo,20004645,moses.chelimo.234@inuka.org,+254774727635,Vocational,Eastern,Consented,Physical Form,2026-05-03 11:41:01,Active,Enrolled,1,1,1,1
INK-2026-1235,Anita Ekiru,20004129,anita.ekiru.235@inuka.org,+254767950786,Scholarship,Eastern,Consented,SMS OTP,2026-04-06 11:41:01,Active,Enrolled,1,1,1,1
INK-2026-1236,John Nyambura,20004495,john.nyambura.236@inuka.org,+254729572577,Tech,Central,Consented,SMS OTP,2026-08-02 11:41:01,Active,Enrolled,1,1,1,0
INK-2026-1237,Emmanuel Wanyama,20004351,emmanuel.wanyama.237@inuka.org,+254721861170,Plus,Nairobi,Pending,nan,nan,Active,Pending Review,0,0,0,0
INK-2026-1238,James Wekesa,20004359,james.wekesa.238@inuka.org,+254710872896,Tech,Nyanza,Consented,SMS OTP,2026-03-10 11:41:01,Active,Enrolled,1,1,1,1
INK-2026-1239,Lydia Cherono,20004258,lydia.cherono.239@inuka.org,+254738855999,Scholarship,Central,Consented,SMS OTP,2026-06-10 11:41:01,Active,Enrolled,1,1,1,1
INK-2026-1240,Brian Kipruto,20004918,brian.kipruto.240@inuka.org,+254730759919,Tech,Nairobi,Consented,SMS OTP,2026-06-21 11:41:01,Active,Enrolled,1,1,1,0
INK-2026-1241,Peter Njoroge,20004420,peter.njoroge.241@inuka.org,+254730665548,Plus,Central,Consented,Physical Form,2026-02-13 11:41:01,Active,Enrolled,1,1,0,1
INK-2026-1242,Evans Ali,20005079,evans.ali.242@inuka.org,+254718200298,Vocational,Rift Valley,Pending,nan,nan,Active,Pending Review,0,0,0,0
INK-2026-1243,Michael Achieng,20004720,michael.achieng.243@inuka.org,+254743288158,Plus,Central,Consented,SMS OTP,2026-07-09 11:41:01,Active,Enrolled,1,0,1,0
INK-2026-1244,Fatuma Ombati,20004485,fatuma.ombati.244@inuka.org,+254765412746,Plus,Central,Consented,Digital Signature,2026-05-06 11:41:01,Active,Enrolled,1,1,1,0
INK-2026-1245,Anita Njoroge,20004405,anita.njoroge.245@inuka.org,+254719553368,Scholarship,Rift Valley,Consented,SMS OTP,2026-02-03 11:41:01,Active,Enrolled,1,1,1,1
INK-2026-1246,Rose Mohamed,20004542,rose.mohamed.246@inuka.org,+254712119849,Tech,Rift Valley,Consented,SMS OTP,2026-03-14 11:41:01,Active,Enrolled,1,1,1,1
INK-2026-1247,Agnes Ali,20004560,agnes.ali.247@inuka.org,+254742767130,Vocational,North Eastern,Consented,Physical Form,2026-06-09 11:41:01,Active,Enrolled,1,1,1,0
INK-2026-1248,Daniel Ekiru,20004911,daniel.ekiru.248@inuka.org,+254782365383,Scholarship,Central,Consented,Physical Form,2026-05-22 11:41:01,Active,Enrolled,1,0,1,1
INK-2026-1249,Rachael Mohamed,20004930,rachael.mohamed.249@inuka.org,+254787665825,Scholarship,North Eastern,Withdrawn,Digital Signature,2026-07-17 11:41:01,Active,On Hold,0,0,0,0
INK-2026-1250,Faith Kemei,20004776,faith.kemei.250@inuka.org,+254789409354,Scholarship,Nyanza,Consented,Digital Signature,2026-06-30 11:41:01,Active,Enrolled,1,1,0,1
INK-2026-1251,Wycliffe Odhiambo,20004531,wycliffe.odhiambo.251@inuka.org,+254761257672,Scholarship,Rift Valley,Consented,SMS OTP,2026-08-05 11:41:01,Active,Enrolled,1,1,1,0
INK-2026-1252,Lydia Juma,20005006,lydia.juma.252@inuka.org,+254761121203,Plus,Coastal,Pending,nan,nan,Active,Pending Review,0,0,0,0
INK-2026-1253,Francis Mwangi,20004590,francis.mwangi.253@inuka.org,+254714726236,Vocational,Rift Valley,Consented,Digital Signature,2026-05-22 11:41:01,Active,Enrolled,1,1,1,1
INK-2026-1254,Francis Sang,20005195,francis.sang.254@inuka.org,+254767534721,Vocational,Central,Withdrawn,Digital Signature,2026-07-20 11:41:01,Active,On Hold,0,0,0,0
INK-2026-1255,Daniel Barasa,20005315,daniel.barasa.255@inuka.org,+254753534259,Plus,Rift Valley,Pending,nan,nan,Active,Pending Review,0,0,0,0
INK-2026-1256,Patrick Wamalwa,20004860,patrick.wamalwa.256@inuka.org,+254726649716,Tech,Eastern,Consented,SMS OTP,2026-02-17 11:41:01,Active,Enrolled,1,0,0,1
INK-2026-1257,Michael Kemei,20004992,michael.kemei.257@inuka.org,+254754211659,Plus,Coastal,Consented,SMS OTP,2026-04-24 11:41:01,Active,Enrolled,1,0,1,1
INK-2026-1258,Philip Achieng,20004965,philip.achieng.258@inuka.org,+254731643170,Scholarship,Nyanza,Consented,Digital Signature,2026-08-17 11:41:01,Active,Enrolled,1,1,1,1
INK-2026-1259,Jane Kamau,20005109,jane.kamau.259@inuka.org,+254729752671,Tech,North Eastern,Consented,Digital Signature,2026-04-12 11:41:01,Active,Enrolled,1,1,0,1
INK-2026-1260,Stephen Ochieng,20004888,stephen.ochieng.260@inuka.org,+254797266941,Scholarship,Nairobi,Consented,SMS OTP,2026-06-01 11:41:01,Active,Enrolled,1,1,1,0
INK-2026-1261,David Mwangi,20005356,david.mwangi.261@inuka.org,+254730640180,Scholarship,Nairobi,Consented,Digital Signature,2026-04-07 11:41:01,Active,Enrolled,1,0,1,1
INK-2026-1262,Mary Nduku,20005162,mary.nduku.262@inuka.org,+254724463555,Plus,North Eastern,Consented,SMS OTP,2026-07-09 11:41:01,Active,Enrolled,1,1,1,1
INK-2026-1263,Lucy Wanyama,20004753,lucy.wanyama.263@inuka.org,+254772397331,Vocational,Nairobi,Consented,SMS OTP,2026-02-22 11:41:01,Active,Enrolled,1,0,1,1
INK-2026-1264,Grace Lagat,20005216,grace.lagat.264@inuka.org,+254797380653,Vocational,Rift Valley,Consented,Physical Form,2026-06-27 11:41:01,Active,Enrolled,1,1,0,0
INK-2026-1265,Evans Kimani,20004638,evans.kimani.265@inuka.org,+254717503638,Scholarship,Nyanza,Consented,SMS OTP,2026-07-22 11:41:01,Active,Enrolled,1,0,0,0
INK-2026-1266,Faith Kamau,20004650,faith.kamau.266@inuka.org,+254729797243,Tech,Coastal,Consented,Physical Form,2026-04-01 11:41:01,Active,Enrolled,1,1,1,1
INK-2026-1267,Jane Cherono,20005329,jane.cherono.267@inuka.org,+254719857866,Scholarship,Western,Consented,Digital Signature,2026-04-03 11:41:01,Active,Enrolled,1,1,1,0
INK-2026-1268,Daniel Onyango,20005546,daniel.onyango.268@inuka.org,+254773734932,Plus,Nyanza,Consented,SMS OTP,2026-02-04 11:41:01,Active,Enrolled,1,0,0,0
INK-2026-1269,Rose Kemei,20005029,rose.kemei.269@inuka.org,+254736303176,Scholarship,Eastern,Consented,Digital Signature,2026-05-13 11:41:01,Active,Enrolled,1,1,1,1
INK-2026-1270,Asha Kiprop,20004860,asha.kiprop.270@inuka.org,+254790388760,Vocational,Nyanza,Consented,SMS OTP,2026-05-15 11:41:01,Active,Enrolled,1,1,0,1
INK-2026-1271,Andrew Kipruto,20005097,andrew.kipruto.271@inuka.org,+254768352914,Vocational,Nyanza,Consented,Physical Form,2026-02-04 11:41:01,Active,Enrolled,1,0,0,0
INK-2026-1272,Lydia Mohamed,20005362,lydia.mohamed.272@inuka.org,+254767266212,Scholarship,Coastal,Consented,Physical Form,2026-06-05 11:41:01,Active,Enrolled,1,0,1,0
INK-2026-1273,Anita Chelimo,20005318,anita.chelimo.273@inuka.org,+254741431295,Scholarship,Western,Withdrawn,Digital Signature,2026-07-05 11:41:01,Active,On Hold,0,0,0,0
INK-2026-1274,Patrick Karanja,20005494,patrick.karanja.274@inuka.org,+254756104559,Vocational,Coastal,Pending,nan,nan,Active,Pending Review,0,0,0,0
INK-2026-1275,Catherine Wambui,20005470,catherine.wambui.275@inuka.org,+254717811732,Vocational,Western,Consented,Digital Signature,2026-08-09 11:41:01,Active,Enrolled,1,1,0,1
INK-2026-1276,Michael Maina,20005013,michael.maina.276@inuka.org,+254763814543,Scholarship,North Eastern,Withdrawn,Physical Form,2026-08-19 11:41:01,Active,On Hold,0,0,0,0
INK-2026-1277,Wycliffe Mwangi,20005187,wycliffe.mwangi.277@inuka.org,+254786271350,Plus,Central,Consented,Physical Form,2026-04-21 11:41:01,Active,Enrolled,1,1,1,1
INK-2026-1278,Lucy Njoroge,20005264,lucy.njoroge.278@inuka.org,+254718322410,Plus,Rift Valley,Consented,SMS OTP,2026-04-04 11:41:01,Active,Enrolled,1,1,1,1
INK-2026-1279,David Kimani,20005527,david.kimani.279@inuka.org,+254780651643,Vocational,North Eastern,Pending,nan,nan,Active,Pending Review,0,0,0,0
INK-2026-1280,Joseph Kiprop,20005289,joseph.kiprop.280@inuka.org,+254770777215,Vocational,Nairobi,Pending,nan,nan,Active,Pending Review,0,0,0,0
INK-2026-1281,Grace Mwangi,20005385,grace.mwangi.281@inuka.org,+254724485342,Scholarship,Eastern,Consented,SMS OTP,2026-07-01 11:41:01,Active,Enrolled,1,0,1,1
INK-2026-1282,Paul Maina,20005024,paul.maina.282@inuka.org,+254764869806,Scholarship,Nyanza,Consented,Digital Signature,2026-06-29 11:41:01,Active,Enrolled,1,0,1,1
INK-2026-1283,Julius Mutua,20005729,julius.mutua.283@inuka.org,+254714927180,Vocational,North Eastern,Withdrawn,SMS OTP,2026-08-03 11:41:01,Active,On Hold,0,0,0,0
INK-2026-1284,Brian Cherono,20004941,brian.cherono.284@inuka.org,+254759632170,Tech,Coastal,Pending,nan,nan,Active,Pending Review,0,0,0,0
INK-2026-1285,Joyce Kemei,20005727,joyce.kemei.285@inuka.org,+254731816887,Scholarship,Eastern,Withdrawn,Physical Form,2026-08-05 11:41:01,Active,On Hold,0,0,0,0
INK-2026-1286,Asha Wanjiku,20005493,asha.wanjiku.286@inuka.org,+254782194674,Plus,North Eastern,Consented,Digital Signature,2026-04-20 11:41:01,Active,Enrolled,1,1,1,0
INK-2026-1287,Faith Sang,20005402,faith.sang.287@inuka.org,+254720878683,Tech,Nyanza,Consented,SMS OTP,2026-06-27 11:41:01,Active,Enrolled,1,1,1,1
INK-2026-1288,Catherine Nekesa,20005472,catherine.nekesa.288@inuka.org,+254789525285,Scholarship,Coastal,Consented,Physical Form,2026-08-18 11:41:01,Active,Enrolled,1,1,1,1
INK-2026-1289,Alice Wanyama,20005030,alice.wanyama.289@inuka.org,+254754138372,Scholarship,Western,Pending,nan,nan,Active,Pending Review,0,0,0,0
INK-2026-1290,Michael Onyango,20005489,michael.onyango.290@inuka.org,+254786784685,Plus,Western,Consented,Digital Signature,2026-06-19 11:41:01,Active,Enrolled,1,1,1,1
INK-2026-1291,Patrick Nekesa,20005753,patrick.nekesa.291@inuka.org,+254796514115,Tech,Rift Valley,Consented,Digital Signature,2026-07-10 11:41:01,Active,Enrolled,1,1,1,1
INK-2026-1292,Anita Kimani,20005391,anita.kimani.292@inuka.org,+254744268838,Plus,Nairobi,Pending,nan,nan,Active,Pending Review,0,0,0,0
INK-2026-1293,Fatuma Kipruto,20005373,fatuma.kipruto.293@inuka.org,+254740345253,Vocational,Coastal,Consented,SMS OTP,2026-07-26 11:41:01,Active,Enrolled,1,1,0,1
INK-2026-1294,Agnes Simiyu,20005214,agnes.simiyu.294@inuka.org,+254741893902,Tech,North Eastern,Consented,SMS OTP,2026-02-02 11:41:01,Active,Enrolled,1,0,1,0
INK-2026-1295,Moses Wanjiku,20005259,moses.wanjiku.295@inuka.org,+254788600306,Plus,Central,Consented,Digital Signature,2026-07-17 11:41:01,Active,Enrolled,1,1,1,1
INK-2026-1296,Eunice Kipruto,20005371,eunice.kipruto.296@inuka.org,+254776926657,Scholarship,Nairobi,Consented,SMS OTP,2026-05-15 11:41:01,Active,Enrolled,1,0,1,1
INK-2026-1297,Catherine Wekesa,20005827,catherine.wekesa.297@inuka.org,+254799928373,Tech,Rift Valley,Consented,SMS OTP,2026-05-09 11:41:01,Active,Enrolled,1,1,0,0
INK-2026-1298,Halima Nyangau,20005441,halima.nyangau.298@inuka.org,+254766465480,Tech,Central,Consented,SMS OTP,2026-04-16 11:41:01,Active,Enrolled,1,1,1,1
INK-2026-1299,Alice Onyango,20005908,alice.onyango.299@inuka.org,+254730701627,Tech,Nyanza,Consented,Physical Form,2026-07-19 11:41:01,Active,Enrolled,1,1,1,1
INK-2026-1300,Mercy Wambui,20005504,mercy.wambui.300@inuka.org,+254711861179,Tech,Nyanza,Pending,nan,nan,Active,Pending Review,0,0,0,0
INK-2026-1301,Simon Nekesa,20005231,simon.nekesa.301@inuka.org,+254749426725,Vocational,Nyanza,Consented,Digital Signature,2026-04-19 11:41:01,Active,Enrolled,1,0,0,1
INK-2026-1302,Grace Chepkemoi,20005849,grace.chepkemoi.302@inuka.org,+254725983972,Plus,Coastal,Consented,SMS OTP,2026-04-30 11:41:01,Active,Enrolled,1,1,1,0
INK-2026-1303,David Nduku,20006034,david.nduku.303@inuka.org,+254754341773,Scholarship,Nairobi,Consented,Digital Signature,2026-07-21 11:41:01,Active,Enrolled,1,1,1,1
INK-2026-1304,Catherine Nekesa,20006056,catherine.nekesa.304@inuka.org,+254733743711,Tech,North Eastern,Consented,Physical Form,2026-03-12 11:41:01,Active,Enrolled,1,1,0,1
INK-2026-1305,Eunice Simiyu,20005552,eunice.simiyu.305@inuka.org,+254721903253,Scholarship,Nyanza,Consented,SMS OTP,2026-04-01 11:41:01,Active,Enrolled,1,1,0,1
INK-2026-1306,Brian Hassan,20006128,brian.hassan.306@inuka.org,+254754342715,Vocational,Coastal,Consented,Digital Signature,2026-05-04 11:41:01,Active,Enrolled,1,1,1,1
INK-2026-1307,Eunice Jebet,20005827,eunice.jebet.307@inuka.org,+254713893523,Tech,Nairobi,Consented,SMS OTP,2026-06-08 11:41:01,Active,Enrolled,1,0,1,1
INK-2026-1308,Paul Ekiru,20005389,paul.ekiru.308@inuka.org,+254746726513,Tech,Rift Valley,Consented,SMS OTP,2026-04-23 11:41:01,Active,Enrolled,1,0,1,1
INK-2026-1309,John Barasa,20005410,john.barasa.309@inuka.org,+254719736257,Tech,Western,Pending,nan,nan,Active,Pending Review,0,0,0,0
INK-2026-1310,Peter Maina,20005426,peter.maina.310@inuka.org,+254778967322,Vocational,Central,Consented,SMS OTP,2026-05-02 11:41:01,Active,Enrolled,1,0,1,1
INK-2026-1311,Florence Simiyu,20005803,florence.simiyu.311@inuka.org,+254711859465,Scholarship,Nyanza,Pending,nan,nan,Active,Pending Review,0,0,0,0
INK-2026-1312,Kevin Achieng,20006083,kevin.achieng.312@inuka.org,+254773825402,Vocational,Rift Valley,Consented,SMS OTP,2026-06-28 11:41:01,Active,Enrolled,1,1,1,1
INK-2026-1313,Evans Ombati,20005933,evans.ombati.313@inuka.org,+254727190335,Tech,North Eastern,Consented,Digital Signature,2026-04-23 11:41:01,Active,Enrolled,1,0,1,1
INK-2026-1314,Simon Wanjiku,20006082,simon.wanjiku.314@inuka.org,+254747687840,Tech,North Eastern,Pending,nan,nan,Active,Pending Review,0,0,0,0
INK-2026-1315,Michael Ibrahim,20006016,michael.ibrahim.315@inuka.org,+254720856926,Scholarship,Nyanza,Consented,SMS OTP,2026-04-17 11:41:01,Active,Enrolled,1,1,1,1
INK-2026-1316,John Wangari,20005738,john.wangari.316@inuka.org,+254785728582,Vocational,Coastal,Consented,Digital Signature,2026-03-14 11:41:01,Active,Enrolled,1,1,1,1
INK-2026-1317,Florence Nyangau,20005677,florence.nyangau.317@inuka.org,+254717802534,Plus,Eastern,Consented,SMS OTP,2026-04-21 11:41:01,Active,Enrolled,1,1,1,1
INK-2026-1318,Lydia Wangari,20005943,lydia.wangari.318@inuka.org,+254720678512,Vocational,North Eastern,Pending,nan,nan,Active,Pending Review,0,0,0,0
INK-2026-1319,Brian Ibrahim,20006179,brian.ibrahim.319@inuka.org,+254726163431,Scholarship,Rift Valley,Consented,SMS OTP,2026-08-14 11:41:01,Active,Enrolled,1,0,1,1
INK-2026-1320,Agnes Wamalwa,20005732,agnes.wamalwa.320@inuka.org,+254747949971,Tech,Coastal,Consented,Digital Signature,2026-05-01 11:41:01,Active,Enrolled,1,1,1,0
INK-2026-1321,Francis Omondi,20005987,francis.omondi.321@inuka.org,+254728536712,Vocational,Coastal,Consented,Digital Signature,2026-07-23 11:41:01,Active,Enrolled,1,1,1,1
INK-2026-1322,Francis Juma,20005919,francis.juma.322@inuka.org,+254774293540,Scholarship,Central,Consented,Digital Signature,2026-04-17 11:41:01,Active,Enrolled,1,0,1,0
INK-2026-1323,Joyce Onyango,20005786,joyce.onyango.323@inuka.org,+254763636226,Plus,Nairobi,Consented,Digital Signature,2026-08-17 11:41:01,Active,Enrolled,1,1,1,0
INK-2026-1324,Rachael Rotich,20006011,rachael.rotich.324@inuka.org,+254759248611,Plus,Western,Consented,SMS OTP,2026-03-01 11:41:01,Active,Enrolled,1,1,1,1
INK-2026-1325,Julius Kipkorir,20006445,julius.kipkorir.325@inuka.org,+254768843141,Vocational,Nyanza,Consented,Physical Form,2026-03-10 11:41:01,Active,Enrolled,1,1,0,1
INK-2026-1326,Brian Kiptoo,20005860,brian.kiptoo.326@inuka.org,+254766338381,Vocational,Western,Consented,SMS OTP,2026-02-05 11:41:01,Active,Enrolled,1,1,1,0
INK-2026-1327,Joseph Barasa,20006114,joseph.barasa.327@inuka.org,+254792174660,Vocational,Rift Valley,Consented,Digital Signature,2026-05-28 11:41:01,Active,Enrolled,1,0,1,1
INK-2026-1328,Joseph Rotich,20006165,joseph.rotich.328@inuka.org,+254723519758,Tech,Rift Valley,Consented,SMS OTP,2026-04-28 11:41:01,Active,Enrolled,1,1,1,1
INK-2026-1329,Rachael Wangari,20006412,rachael.wangari.329@inuka.org,+254769638754,Plus,Coastal,Consented,SMS OTP,2026-08-19 11:41:01,Active,Enrolled,1,0,1,1
INK-2026-1330,Philip Nduku,20006233,philip.nduku.330@inuka.org,+254717707358,Scholarship,Central,Pending,nan,nan,Active,Pending Review,0,0,0,0
INK-2026-1331,Ruth Simiyu,20006513,ruth.simiyu.331@inuka.org,+254731401126,Scholarship,Nairobi,Consented,Physical Form,2026-08-14 11:41:01,Active,Enrolled,1,0,1,1
INK-2026-1332,Lydia Ombati,20006062,lydia.ombati.332@inuka.org,+254752231869,Vocational,Central,Consented,Physical Form,2026-08-10 11:41:01,Active,Enrolled,1,1,1,1
INK-2026-1333,Rachael Omondi,20005890,rachael.omondi.333@inuka.org,+254755708966,Scholarship,Nairobi,Consented,Physical Form,2026-02-18 11:41:01,Active,Enrolled,1,0,1,1
INK-2026-1334,Simon Nduku,20006286,simon.nduku.334@inuka.org,+254744782972,Tech,Nairobi,Consented,Physical Form,2026-07-14 11:41:01,Active,Enrolled,1,0,1,0
INK-2026-1335,Gladys Wangari,20005998,gladys.wangari.335@inuka.org,+254776575178,Vocational,Central,Consented,Digital Signature,2026-05-16 11:41:01,Active,Enrolled,1,1,1,1
INK-2026-1336,Peter Simiyu,20006476,peter.simiyu.336@inuka.org,+254746254730,Scholarship,Nyanza,Consented,Digital Signature,2026-06-01 11:41:01,Active,Enrolled,1,1,1,1
INK-2026-1337,John Barasa,20006595,john.barasa.337@inuka.org,+254783241864,Scholarship,Western,Consented,Digital Signature,2026-05-14 11:41:01,Active,Enrolled,1,1,0,1
INK-2026-1338,John Njoroge,20005946,john.njoroge.338@inuka.org,+254778736617,Scholarship,Rift Valley,Consented,Physical Form,2026-03-18 11:41:01,Active,Enrolled,1,1,1,1
INK-2026-1339,Wycliffe Wambui,20006759,wycliffe.wambui.339@inuka.org,+254730769541,Tech,Nairobi,Consented,Digital Signature,2026-03-06 11:41:01,Active,Enrolled,1,0,0,0
INK-2026-1340,David Wanjiku,20006160,david.wanjiku.340@inuka.org,+254792314736,Scholarship,Coastal,Consented,Digital Signature,2026-03-29 11:41:01,Active,Enrolled,1,1,0,0
INK-2026-1341,Wycliffe Odhiambo,20005902,wycliffe.odhiambo.341@inuka.org,+254741235425,Tech,Western,Consented,Digital Signature,2026-06-03 11:41:01,Active,Enrolled,1,1,1,0
INK-2026-1342,Geoffrey Ekiru,20006479,geoffrey.ekiru.342@inuka.org,+254784697466,Vocational,Eastern,Consented,Physical Form,2026-03-21 11:41:01,Active,Enrolled,1,0,0,0
INK-2026-1343,Andrew Nekesa,20006762,andrew.nekesa.343@inuka.org,+254758446846,Tech,Coastal,Consented,Physical Form,2026-08-16 11:41:01,Active,Enrolled,1,0,0,1
INK-2026-1344,Ruth Otieno,20006642,ruth.otieno.344@inuka.org,+254748400821,Scholarship,Eastern,Consented,SMS OTP,2026-06-25 11:41:01,Active,Enrolled,1,0,0,0
INK-2026-1345,Peter Nduku,20005971,peter.nduku.345@inuka.org,+254782228910,Tech,Central,Consented,Physical Form,2026-04-06 11:41:01,Active,Enrolled,1,0,1,0
INK-2026-1346,Rachael Hassan,20006018,rachael.hassan.346@inuka.org,+254734347457,Scholarship,North Eastern,Consented,Physical Form,2026-03-08 11:41:01,Active,Enrolled,1,1,1,0
INK-2026-1347,Robert Koech,20006794,robert.koech.347@inuka.org,+254775693949,Vocational,Nyanza,Consented,SMS OTP,2026-07-16 11:41:01,Active,Enrolled,1,1,0,1
INK-2026-1348,Evans Barasa,20006491,evans.barasa.348@inuka.org,+254737117888,Scholarship,Rift Valley,Consented,SMS OTP,2026-02-22 11:41:01,Active,Enrolled,1,1,1,0
INK-2026-1349,Eunice Kimani,20006926,eunice.kimani.349@inuka.org,+254764107773,Tech,Nyanza,Consented,Physical Form,2026-06-26 11:41:01,Active,Enrolled,1,1,0,1
INK-2026-1350,Lydia Cherono,20006530,lydia.cherono.350@inuka.org,+254799260731,Vocational,Eastern,Withdrawn,Physical Form,2026-07-20 11:41:01,Active,On Hold,0,0,0,0
INK-2026-1351,Robert Muthoni,20006464,robert.muthoni.351@inuka.org,+254712206287,Scholarship,Nairobi,Consented,SMS OTP,2026-06-29 11:41:01,Active,Enrolled,1,0,1,1
INK-2026-1352,Michael Hassan,20006248,michael.hassan.352@inuka.org,+254739266610,Scholarship,Nyanza,Consented,Digital Signature,2026-07-10 11:41:01,Active,Enrolled,1,0,1,1
INK-2026-1353,Joyce Sang,20006484,joyce.sang.353@inuka.org,+254796270971,Vocational,Nairobi,Withdrawn,Digital Signature,2026-07-18 11:41:01,Active,On Hold,0,0,0,0
INK-2026-1354,Lucy Wanyama,20006740,lucy.wanyama.354@inuka.org,+254726160243,Vocational,Western,Consented,Digital Signature,2026-07-11 11:41:01,Active,Enrolled,1,0,1,0
INK-2026-1355,Wycliffe Ombati,20006426,wycliffe.ombati.355@inuka.org,+254745894505,Scholarship,North Eastern,Consented,Digital Signature,2026-08-11 11:41:01,Active,Enrolled,1,0,1,1
INK-2026-1356,Brian Koech,20006175,brian.koech.356@inuka.org,+254768164753,Tech,Nyanza,Consented,SMS OTP,2026-04-01 11:41:01,Active,Enrolled,1,1,1,1
INK-2026-1357,John Chepkemoi,20007052,john.chepkemoi.357@inuka.org,+254761308157,Plus,Nyanza,Consented,Digital Signature,2026-04-01 11:41:01,Active,Enrolled,1,1,1,0
INK-2026-1358,Faith Barasa,20006792,faith.barasa.358@inuka.org,+254751752581,Plus,Rift Valley,Consented,Digital Signature,2026-08-08 11:41:01,Active,Enrolled,1,1,1,1
INK-2026-1359,Rose Omondi,20006283,rose.omondi.359@inuka.org,+254728119917,Scholarship,Western,Withdrawn,SMS OTP,2026-07-10 11:41:01,Active,On Hold,0,0,0,0
INK-2026-1360,Grace Wangari,20006340,grace.wangari.360@inuka.org,+254755252828,Scholarship,Rift Valley,Consented,SMS OTP,2026-04-15 11:41:01,Active,Enrolled,1,0,0,1
INK-2026-1361,Charles Onyango,20006285,charles.onyango.361@inuka.org,+254767588330,Plus,North Eastern,Consented,Physical Form,2026-05-24 11:41:01,Active,Enrolled,1,1,1,1
INK-2026-1362,Philip Sang,20006332,philip.sang.362@inuka.org,+254711845541,Tech,Western,Consented,Digital Signature,2026-08-10 11:41:01,Active,Enrolled,1,0,1,1
INK-2026-1363,Paul Mutua,20006583,paul.mutua.363@inuka.org,+254741320508,Tech,North Eastern,Pending,nan,nan,Active,Pending Review,0,0,0,0
INK-2026-1364,Faith Kiarie,20007179,faith.kiarie.364@inuka.org,+254797526202,Vocational,Eastern,Consented,Physical Form,2026-04-03 11:41:01,Active,Enrolled,1,1,1,1
INK-2026-1365,Beatrice Sang,20007164,beatrice.sang.365@inuka.org,+254766260610,Plus,Nairobi,Consented,SMS OTP,2026-03-16 11:41:01,Active,Enrolled,1,0,1,1
INK-2026-1366,Collins Kamau,20006775,collins.kamau.366@inuka.org,+254750885728,Vocational,Nairobi,Consented,Physical Form,2026-05-01 11:41:01,Active,Enrolled,1,0,0,1
INK-2026-1367,Alice Kimani,20006431,alice.kimani.367@inuka.org,+254730292360,Tech,Coastal,Pending,nan,nan,Active,Pending Review,0,0,0,0
INK-2026-1368,Grace Onyango,20006409,grace.onyango.368@inuka.org,+254725988278,Scholarship,Western,Pending,nan,nan,Active,Pending Review,0,0,0,0
INK-2026-1369,Ruth Wekesa,20007206,ruth.wekesa.369@inuka.org,+254732812841,Scholarship,North Eastern,Pending,nan,nan,Active,Pending Review,0,0,0,0
INK-2026-1370,Faith Ombati,20006748,faith.ombati.370@inuka.org,+254732262684,Plus,Central,Consented,SMS OTP,2026-07-06 11:41:01,Active,Enrolled,1,1,1,0
INK-2026-1371,Asha Wekesa,20007040,asha.wekesa.371@inuka.org,+254711390383,Plus,Western,Consented,Digital Signature,2026-03-15 11:41:01,Active,Enrolled,1,1,1,0
INK-2026-1372,Robert Juma,20006774,robert.juma.372@inuka.org,+254792439366,Vocational,Coastal,Consented,SMS OTP,2026-07-09 11:41:01,Active,Enrolled,1,1,1,1
INK-2026-1373,Alice Ekiru,20007122,alice.ekiru.373@inuka.org,+254769371681,Plus,Eastern,Consented,Physical Form,2026-02-13 11:41:01,Active,Enrolled,1,0,1,0
INK-2026-1374,Gladys Otieno,20006942,gladys.otieno.374@inuka.org,+254733824108,Scholarship,Western,Consented,Physical Form,2026-04-22 11:41:01,Active,Enrolled,1,0,1,0
INK-2026-1375,Catherine Ndwiga,20007211,catherine.ndwiga.375@inuka.org,+254713313567,Plus,Central,Consented,Digital Signature,2026-03-21 11:41:01,Active,Enrolled,1,0,1,1
INK-2026-1376,Jane Jebet,20006726,jane.jebet.376@inuka.org,+254795865704,Plus,Rift Valley,Consented,SMS OTP,2026-05-19 11:41:01,Active,Enrolled,1,1,1,0
INK-2026-1377,Julius Onyango,20006676,julius.onyango.377@inuka.org,+254712609837,Tech,Coastal,Consented,Digital Signature,2026-04-23 11:41:01,Active,Enrolled,1,1,1,1
INK-2026-1378,Esther Kiprop,20007222,esther.kiprop.378@inuka.org,+254736767933,Plus,Eastern,Consented,Physical Form,2026-03-05 11:41:01,Active,Enrolled,1,0,0,1
INK-2026-1379,Kevin Achieng,20007183,kevin.achieng.379@inuka.org,+254754517924,Plus,Coastal,Consented,Digital Signature,2026-07-23 11:41:01,Active,Enrolled,1,1,0,1
INK-2026-1380,Agnes Mwangi,20007405,agnes.mwangi.380@inuka.org,+254756953118,Tech,Central,Consented,Digital Signature,2026-02-06 11:41:01,Active,Enrolled,1,1,1,1
INK-2026-1381,Fatuma Wanjiku,20006771,fatuma.wanjiku.381@inuka.org,+254754398834,Plus,Coastal,Consented,Physical Form,2026-08-20 11:41:01,Active,Enrolled,1,1,1,1
INK-2026-1382,Grace Mwangi,20007407,grace.mwangi.382@inuka.org,+254788358667,Tech,Nairobi,Consented,Physical Form,2026-07-05 11:41:01,Active,Enrolled,1,1,1,0
INK-2026-1383,Joseph Karanja,20007370,joseph.karanja.383@inuka.org,+254760819186,Scholarship,North Eastern,Consented,SMS OTP,2026-06-13 11:41:01,Active,Enrolled,1,1,1,1
INK-2026-1384,Florence Muthoni,20006704,florence.muthoni.384@inuka.org,+254736786162,Vocational,Central,Consented,Digital Signature,2026-05-22 11:41:01,Active,Enrolled,1,0,1,1
INK-2026-1385,Alice Nduku,20007378,alice.nduku.385@inuka.org,+254795394850,Vocational,North Eastern,Consented,Physical Form,2026-06-30 11:41:01,Active,Enrolled,1,1,1,1
INK-2026-1386,Kevin Kiprop,20006915,kevin.kiprop.386@inuka.org,+254720134575,Scholarship,Western,Consented,Digital Signature,2026-05-24 11:41:01,Active,Enrolled,1,1,1,1
INK-2026-1387,Jane Wekesa,20006953,jane.wekesa.387@inuka.org,+254723391377,Vocational,Western,Consented,SMS OTP,2026-07-02 11:41:01,Active,Enrolled,1,1,1,1
INK-2026-1388,Eunice Onyango,20007237,eunice.onyango.388@inuka.org,+254740560340,Scholarship,Western,Consented,Physical Form,2026-04-20 11:41:01,Active,Enrolled,1,1,1,1
INK-2026-1389,John Maina,20006797,john.maina.389@inuka.org,+254742341509,Plus,Rift Valley,Consented,Digital Signature,2026-02-25 11:41:01,Active,Enrolled,1,1,1,1
INK-2026-1390,Agnes Otieno,20007472,agnes.otieno.390@inuka.org,+254776515886,Vocational,North Eastern,Consented,Digital Signature,2026-05-08 11:41:01,Active,Enrolled,1,0,1,0
INK-2026-1391,Francis Mwangi,20006765,francis.mwangi.391@inuka.org,+254736804927,Tech,Central,Pending,nan,nan,Active,Pending Review,0,0,0,0
INK-2026-1392,Joseph Onyango,20006875,joseph.onyango.392@inuka.org,+254755360686,Scholarship,Central,Consented,SMS OTP,2026-04-06 11:41:01,Active,Enrolled,1,1,1,0
INK-2026-1393,Andrew Wambui,20007093,andrew.wambui.393@inuka.org,+254790931514,Plus,Western,Consented,Digital Signature,2026-04-11 11:41:01,Active,Enrolled,1,1,1,1
INK-2026-1394,Anita Wanyama,20007204,anita.wanyama.394@inuka.org,+254798766520,Plus,Nairobi,Consented,Digital Signature,2026-06-11 11:41:01,Active,Enrolled,1,1,0,0
INK-2026-1395,Collins Sang,20007613,collins.sang.395@inuka.org,+254738752678,Tech,Nyanza,Consented,SMS OTP,2026-02-09 11:41:01,Active,Enrolled,1,1,0,1
INK-2026-1396,Julius Mutua,20007678,julius.mutua.396@inuka.org,+254778336285,Vocational,Nairobi,Consented,SMS OTP,2026-03-08 11:41:01,Active,Enrolled,1,1,1,0
INK-2026-1397,Mary Sang,20007024,mary.sang.397@inuka.org,+254740903449,Scholarship,Western,Consented,Digital Signature,2026-06-26 11:41:01,Active,Enrolled,1,1,1,1
INK-2026-1398,Daniel Ndwiga,20007048,daniel.ndwiga.398@inuka.org,+254799862859,Scholarship,Nyanza,Consented,SMS OTP,2026-08-19 11:41:01,Active,Enrolled,1,0,1,1
INK-2026-1399,Francis Njoroge,20007633,francis.njoroge.399@inuka.org,+254737928670,Tech,Central,Consented,SMS OTP,2026-02-10 11:41:01,Active,Enrolled,1,0,0,0
INK-2026-1400,Rachael Onyango,20006967,rachael.onyango.400@inuka.org,+254764624625,Vocational,Nyanza,Consented,Physical Form,2026-06-18 11:41:01,Active,Enrolled,1,1,0,0
INK-2026-1401,Emmanuel Ali,20007487,emmanuel.ali.401@inuka.org,+254783947413,Vocational,Coastal,Withdrawn,SMS OTP,2026-08-11 11:41:01,Active,On Hold,0,0,0,0
INK-2026-1402,Ruth Hassan,20007042,ruth.hassan.402@inuka.org,+254732444879,Vocational,Nairobi,Consented,SMS OTP,2026-05-14 11:41:01,Active,Enrolled,1,0,0,1
INK-2026-1403,Kevin Nyambura,20007488,kevin.nyambura.403@inuka.org,+254718352839,Vocational,Eastern,Consented,Physical Form,2026-07-02 11:41:01,Active,Enrolled,1,0,1,1
INK-2026-1404,Francis Otieno,20007443,francis.otieno.404@inuka.org,+254787144278,Plus,Rift Valley,Consented,Physical Form,2026-07-05 11:41:01,Active,Enrolled,1,0,1,1
INK-2026-1405,Collins Achieng,20007009,collins.achieng.405@inuka.org,+254791184859,Tech,Western,Consented,Digital Signature,2026-06-20 11:41:01,Active,Enrolled,1,1,1,0
INK-2026-1406,Fatuma Ali,20007163,fatuma.ali.406@inuka.org,+254778554178,Plus,Nyanza,Consented,Digital Signature,2026-07-08 11:41:01,Active,Enrolled,1,0,1,1
INK-2026-1407,Ruth Kiprop,20007569,ruth.kiprop.407@inuka.org,+254744631452,Tech,North Eastern,Pending,nan,nan,Active,Pending Review,0,0,0,0
INK-2026-1408,Beatrice Koech,20007244,beatrice.koech.408@inuka.org,+254776760877,Tech,Western,Consented,Physical Form,2026-06-14 11:41:01,Active,Enrolled,1,0,1,0
INK-2026-1409,Charles Wambui,20007712,charles.wambui.409@inuka.org,+254785830793,Tech,Coastal,Consented,SMS OTP,2026-04-27 11:41:01,Active,Enrolled,1,0,0,1
INK-2026-1410,James Jebet,20007570,james.jebet.410@inuka.org,+254714505399,Tech,Rift Valley,Consented,Digital Signature,2026-02-16 11:41:01,Active,Enrolled,1,1,1,0
INK-2026-1411,Mary Mwangi,20007751,mary.mwangi.411@inuka.org,+254710852135,Scholarship,Eastern,Consented,Physical Form,2026-05-03 11:41:01,Active,Enrolled,1,1,0,1
INK-2026-1412,Peter Wanyama,20007372,peter.wanyama.412@inuka.org,+254738960960,Plus,Central,Consented,Digital Signature,2026-07-06 11:41:01,Active,Enrolled,1,1,1,1
INK-2026-1413,Faith Rotich,20007353,faith.rotich.413@inuka.org,+254759649837,Plus,Rift Valley,Consented,SMS OTP,2026-06-08 11:41:01,Active,Enrolled,1,0,1,0
INK-2026-1414,Collins Wanjiku,20007369,collins.wanjiku.414@inuka.org,+254746815626,Scholarship,Central,Consented,SMS OTP,2026-05-23 11:41:01,Active,Enrolled,1,0,0,1
INK-2026-1415,Emmanuel Wanjiku,20007649,emmanuel.wanjiku.415@inuka.org,+254779867864,Plus,Coastal,Consented,Physical Form,2026-06-10 11:41:01,Active,Enrolled,1,1,0,0
INK-2026-1416,Zainab Onyango,20007244,zainab.onyango.416@inuka.org,+254722187392,Scholarship,North Eastern,Pending,nan,nan,Active,Pending Review,0,0,0,0
INK-2026-1417,David Omondi,20007553,david.omondi.417@inuka.org,+254743697336,Scholarship,Coastal,Consented,Digital Signature,2026-03-11 11:41:01,Active,Enrolled,1,0,1,0
INK-2026-1418,Zainab Kemei,20007224,zainab.kemei.418@inuka.org,+254791947429,Vocational,Western,Consented,Digital Signature,2026-03-20 11:41:01,Active,Enrolled,1,1,1,0
INK-2026-1419,Lucy Mohamed,20007380,lucy.mohamed.419@inuka.org,+254777517387,Tech,Eastern,Pending,nan,nan,Active,Pending Review,0,0,0,0
INK-2026-1420,Fatuma Sang,20007310,fatuma.sang.420@inuka.org,+254763611262,Vocational,Nairobi,Consented,SMS OTP,2026-05-07 11:41:01,Active,Enrolled,1,1,1,1
INK-2026-1421,Faith Kimani,20007618,faith.kimani.421@inuka.org,+254714307423,Scholarship,Eastern,Consented,SMS OTP,2026-07-03 11:41:01,Active,Enrolled,1,1,0,0
INK-2026-1422,David Barasa,20007684,david.barasa.422@inuka.org,+254759611983,Plus,Coastal,Consented,SMS OTP,2026-07-02 11:41:01,Active,Enrolled,1,1,1,1
INK-2026-1423,Fatuma Hassan,20007725,fatuma.hassan.423@inuka.org,+254729453110,Tech,Rift Valley,Withdrawn,Physical Form,2026-07-16 11:41:01,Active,On Hold,0,0,0,0
INK-2026-1424,Mercy Maina,20008168,mercy.maina.424@inuka.org,+254768391989,Tech,Western,Consented,Digital Signature,2026-07-24 11:41:01,Active,Enrolled,1,1,0,1
INK-2026-1425,Catherine Koech,20007620,catherine.koech.425@inuka.org,+254742245773,Vocational,Rift Valley,Consented,Physical Form,2026-02-14 11:41:01,Active,Enrolled,1,1,1,1
INK-2026-1426,Peter Kipruto,20007434,peter.kipruto.426@inuka.org,+254752575252,Tech,Western,Consented,Physical Form,2026-04-07 11:41:01,Active,Enrolled,1,1,0,1
INK-2026-1427,Asha Kipkorir,20007598,asha.kipkorir.427@inuka.org,+254765661271,Plus,Eastern,Consented,SMS OTP,2026-05-12 11:41:01,Active,Enrolled,1,0,1,1
INK-2026-1428,Grace Njoroge,20007464,grace.njoroge.428@inuka.org,+254747608531,Tech,Eastern,Consented,Digital Signature,2026-05-03 11:41:01,Active,Enrolled,1,0,1,0
INK-2026-1429,Geoffrey Muthoni,20007663,geoffrey.muthoni.429@inuka.org,+254797911924,Scholarship,Coastal,Consented,Digital Signature,2026-06-02 11:41:01,Active,Enrolled,1,1,1,1
INK-2026-1430,Joyce Kimani,20007815,joyce.kimani.430@inuka.org,+254764224990,Tech,Eastern,Pending,nan,nan,Active,Pending Review,0,0,0,0
INK-2026-1431,Rose Ochieng,20007961,rose.ochieng.431@inuka.org,+254763511652,Scholarship,Eastern,Consented,Digital Signature,2026-08-12 11:41:01,Active,Enrolled,1,1,1,1
INK-2026-1432,Collins Nyangau,20007906,collins.nyangau.432@inuka.org,+254744546671,Tech,Eastern,Withdrawn,Digital Signature,2026-08-18 11:41:01,Active,On Hold,0,0,0,0
INK-2026-1433,Wycliffe Kiarie,20007630,wycliffe.kiarie.433@inuka.org,+254789800943,Vocational,Rift Valley,Pending,nan,nan,Active,Pending Review,0,0,0,0
INK-2026-1434,Joyce Wambui,20007586,joyce.wambui.434@inuka.org,+254763726287,Tech,Coastal,Consented,Physical Form,2026-07-01 11:41:01,Active,Enrolled,1,1,1,1
INK-2026-1435,James Wanjiku,20008263,james.wanjiku.435@inuka.org,+254730264201,Plus,Rift Valley,Pending,nan,nan,Active,Pending Review,0,0,0,0
INK-2026-1436,Simon Wambui,20007651,simon.wambui.436@inuka.org,+254756452990,Tech,North Eastern,Consented,SMS OTP,2026-02-07 11:41:01,Active,Enrolled,1,0,1,1
INK-2026-1437,Florence Simiyu,20007715,florence.simiyu.437@inuka.org,+254773504652,Scholarship,Rift Valley,Pending,nan,nan,Active,Pending Review,0,0,0,0
INK-2026-1438,Esther Achieng,20007801,esther.achieng.438@inuka.org,+254753695547,Plus,Nairobi,Consented,Physical Form,2026-02-04 11:41:01,Active,Enrolled,1,1,1,1
INK-2026-1439,Eunice Muthoni,20007608,eunice.muthoni.439@inuka.org,+254742925738,Plus,Western,Consented,Physical Form,2026-07-20 11:41:01,Active,Enrolled,1,0,1,0
INK-2026-1440,Patrick Kariuki,20008296,patrick.kariuki.440@inuka.org,+254733852622,Scholarship,Nairobi,Consented,Physical Form,2026-02-17 11:41:01,Active,Enrolled,1,1,1,0
INK-2026-1441,Rachael Nyangau,20007717,rachael.nyangau.441@inuka.org,+254735518564,Plus,North Eastern,Consented,Digital Signature,2026-08-18 11:41:01,Active,Enrolled,1,0,0,1
INK-2026-1442,Peter Odhiambo,20007778,peter.odhiambo.442@inuka.org,+254731585773,Scholarship,Nyanza,Consented,SMS OTP,2026-06-21 11:41:01,Active,Enrolled,1,1,0,1
INK-2026-1443,Charles Maina,20008121,charles.maina.443@inuka.org,+254734349110,Tech,Nyanza,Consented,Digital Signature,2026-06-01 11:41:01,Active,Enrolled,1,0,0,1
INK-2026-1444,Gladys Sang,20007917,gladys.sang.444@inuka.org,+254733519410,Scholarship,Eastern,Pending,nan,nan,Active,Pending Review,0,0,0,0
INK-2026-1445,Mary Simiyu,20008165,mary.simiyu.445@inuka.org,+254785751931,Scholarship,Coastal,Consented,SMS OTP,2026-06-06 11:41:01,Active,Enrolled,1,1,1,1
INK-2026-1446,Philip Cherono,20008092,philip.cherono.446@inuka.org,+254715133275,Scholarship,Nyanza,Consented,SMS OTP,2026-04-24 11:41:01,Active,Enrolled,1,1,1,1
INK-2026-1447,David Chepkemoi,20008087,david.chepkemoi.447@inuka.org,+254722606796,Scholarship,Central,Consented,SMS OTP,2026-04-08 11:41:01,Active,Enrolled,1,1,1,1
INK-2026-1448,Anita Sang,20007726,anita.sang.448@inuka.org,+254717841584,Tech,Coastal,Consented,Digital Signature,2026-07-20 11:41:01,Active,Enrolled,1,1,0,0
INK-2026-1449,Peter Wangari,20008561,peter.wangari.449@inuka.org,+254764774324,Scholarship,Central,Consented,Digital Signature,2026-06-18 11:41:01,Active,Enrolled,1,1,1,1
INK-2026-1450,Julius Nyambura,20008448,julius.nyambura.450@inuka.org,+254755782257,Scholarship,Nairobi,Withdrawn,SMS OTP,2026-08-05 11:41:01,Active,On Hold,0,0,0,0
INK-2026-1451,Evans Mutua,20008621,evans.mutua.451@inuka.org,+254729769380,Scholarship,Coastal,Pending,nan,nan,Active,Pending Review,0,0,0,0
INK-2026-1452,Peter Hassan,20007914,peter.hassan.452@inuka.org,+254776245894,Plus,Nairobi,Consented,Digital Signature,2026-06-02 11:41:01,Active,Enrolled,1,1,1,0
INK-2026-1453,Esther Ochieng,20008030,esther.ochieng.453@inuka.org,+254758761575,Plus,Eastern,Consented,Physical Form,2026-07-11 11:41:01,Active,Enrolled,1,1,1,0
INK-2026-1454,Daniel Maina,20007945,daniel.maina.454@inuka.org,+254788275354,Plus,Coastal,Consented,SMS OTP,2026-05-20 11:41:01,Active,Enrolled,1,0,1,1
INK-2026-1455,Gladys Mutua,20008622,gladys.mutua.455@inuka.org,+254765705544,Vocational,North Eastern,Consented,SMS OTP,2026-07-15 11:41:01,Active,Enrolled,1,1,1,1
INK-2026-1456,Daniel Ndwiga,20008122,daniel.ndwiga.456@inuka.org,+254767549359,Tech,Eastern,Consented,Physical Form,2026-04-24 11:41:01,Active,Enrolled,1,0,1,0
INK-2026-1457,Francis Odhiambo,20008086,francis.odhiambo.457@inuka.org,+254799891400,Tech,North Eastern,Consented,SMS OTP,2026-04-30 11:41:01,Active,Enrolled,1,1,0,0
INK-2026-1458,Francis Wekesa,20007973,francis.wekesa.458@inuka.org,+254772997234,Scholarship,Coastal,Consented,Digital Signature,2026-04-12 11:41:01,Active,Enrolled,1,1,1,0
INK-2026-1459,Evans Karanja,20008773,evans.karanja.459@inuka.org,+254759992570,Tech,Rift Valley,Consented,SMS OTP,2026-03-21 11:41:01,Active,Enrolled,1,1,0,1
INK-2026-1460,Ruth Omondi,20008704,ruth.omondi.460@inuka.org,+254785835862,Tech,Eastern,Consented,Physical Form,2026-02-13 11:41:01,Active,Enrolled,1,1,1,1
INK-2026-1461,Catherine Wangari,20007960,catherine.wangari.461@inuka.org,+254798516399,Vocational,Rift Valley,Pending,nan,nan,Active,Pending Review,0,0,0,0
INK-2026-1462,Wycliffe Wanyama,20008407,wycliffe.wanyama.462@inuka.org,+254752490907,Tech,Rift Valley,Pending,nan,nan,Active,Pending Review,0,0,0,0
INK-2026-1463,Francis Mohamed,20008010,francis.mohamed.463@inuka.org,+254768864437,Tech,Central,Consented,Digital Signature,2026-04-29 11:41:01,Active,Enrolled,1,1,0,1
INK-2026-1464,Zainab Wanjiku,20008304,zainab.wanjiku.464@inuka.org,+254765828870,Plus,Nyanza,Consented,SMS OTP,2026-02-22 11:41:01,Active,Enrolled,1,1,1,0
INK-2026-1465,Simon Kipruto,20008787,simon.kipruto.465@inuka.org,+254790729881,Tech,Central,Consented,Digital Signature,2026-03-20 11:41:01,Active,Enrolled,1,1,0,1
INK-2026-1466,Alice Kimani,20008758,alice.kimani.466@inuka.org,+254779418318,Scholarship,Coastal,Pending,nan,nan,Active,Pending Review,0,0,0,0
INK-2026-1467,Joyce Wangari,20008926,joyce.wangari.467@inuka.org,+254784339386,Scholarship,Western,Consented,SMS OTP,2026-08-17 11:41:01,Active,Enrolled,1,1,1,0
INK-2026-1468,Mercy Kemei,20008096,mercy.kemei.468@inuka.org,+254784286739,Scholarship,Eastern,Consented,SMS OTP,2026-08-19 11:41:01,Active,Enrolled,1,0,1,0
INK-2026-1469,Fatuma Chelimo,20008576,fatuma.chelimo.469@inuka.org,+254725182596,Scholarship,Nairobi,Consented,Physical Form,2026-04-15 11:41:01,Active,Enrolled,1,0,1,0
INK-2026-1470,Stephen Odhiambo,20008244,stephen.odhiambo.470@inuka.org,+254799231795,Tech,Nyanza,Consented,SMS OTP,2026-04-18 11:41:01,Active,Enrolled,1,1,1,0
INK-2026-1471,Esther Kiprop,20008313,esther.kiprop.471@inuka.org,+254733255435,Tech,Coastal,Consented,Physical Form,2026-05-24 11:41:01,Active,Enrolled,1,1,1,0
INK-2026-1472,Zainab Nyambura,20008857,zainab.nyambura.472@inuka.org,+254727526741,Scholarship,North Eastern,Consented,Digital Signature,2026-06-26 11:41:01,Active,Enrolled,1,0,0,0
INK-2026-1473,Asha Hassan,20008959,asha.hassan.473@inuka.org,+254795680660,Plus,Eastern,Consented,Digital Signature,2026-04-02 11:41:01,Active,Enrolled,1,0,0,1
INK-2026-1474,Joseph Mwangi,20008213,joseph.mwangi.474@inuka.org,+254779376502,Vocational,Nyanza,Consented,Digital Signature,2026-08-16 11:41:01,Active,Enrolled,1,0,0,0
INK-2026-1475,Robert Kipruto,20009057,robert.kipruto.475@inuka.org,+254758285121,Plus,Nyanza,Consented,SMS OTP,2026-04-20 11:41:01,Active,Enrolled,1,0,1,0
INK-2026-1476,Patrick Koech,20008423,patrick.koech.476@inuka.org,+254791975974,Vocational,Rift Valley,Pending,nan,nan,Active,Pending Review,0,0,0,0
INK-2026-1477,Peter Mutua,20008265,peter.mutua.477@inuka.org,+254760656813,Plus,Nairobi,Consented,SMS OTP,2026-08-04 11:41:01,Active,Enrolled,1,1,0,1
INK-2026-1478,Zainab Ndwiga,20008564,zainab.ndwiga.478@inuka.org,+254723878873,Plus,Central,Consented,Digital Signature,2026-03-20 11:41:01,Active,Enrolled,1,0,0,1
INK-2026-1479,Brian Achieng,20009067,brian.achieng.479@inuka.org,+254796581968,Scholarship,North Eastern,Consented,Physical Form,2026-02-20 11:41:01,Active,Enrolled,1,1,1,0
INK-2026-1480,Catherine Nyambura,20008992,catherine.nyambura.480@inuka.org,+254711747839,Scholarship,Nairobi,Consented,Digital Signature,2026-04-23 11:41:01,Active,Enrolled,1,1,1,0
INK-2026-1481,Paul Kiptoo,20009023,paul.kiptoo.481@inuka.org,+254750215519,Tech,Rift Valley,Consented,SMS OTP,2026-04-04 11:41:01,Active,Enrolled,1,1,1,0
INK-2026-1482,Mary Lagat,20008889,mary.lagat.482@inuka.org,+254728413334,Scholarship,Nairobi,Consented,Physical Form,2026-02-05 11:41:01,Active,Enrolled,1,0,1,1
INK-2026-1483,Peter Juma,20008361,peter.juma.483@inuka.org,+254760611870,Tech,Nyanza,Consented,SMS OTP,2026-05-18 11:41:01,Active,Enrolled,1,0,1,1
INK-2026-1484,Collins Odhiambo,20009107,collins.odhiambo.484@inuka.org,+254746718106,Plus,Nairobi,Consented,Physical Form,2026-05-21 11:41:01,Active,Enrolled,1,1,1,1
INK-2026-1485,Daniel Juma,20008353,daniel.juma.485@inuka.org,+254774328530,Tech,Western,Consented,SMS OTP,2026-05-16 11:41:01,Active,Enrolled,1,1,0,1
INK-2026-1486,Joseph Kiprop,20009011,joseph.kiprop.486@inuka.org,+254736148298,Vocational,Eastern,Consented,SMS OTP,2026-06-24 11:41:01,Active,Enrolled,1,0,1,0
INK-2026-1487,Paul Kariuki,20008926,paul.kariuki.487@inuka.org,+254792218227,Plus,Rift Valley,Consented,Digital Signature,2026-08-11 11:41:01,Active,Enrolled,1,0,1,1
INK-2026-1488,Lucy Wangari,20008699,lucy.wangari.488@inuka.org,+254775749489,Vocational,Rift Valley,Consented,Digital Signature,2026-06-30 11:41:01,Active,Enrolled,1,1,1,1
INK-2026-1489,Asha Ochieng,20008961,asha.ochieng.489@inuka.org,+254719111335,Tech,Nairobi,Consented,SMS OTP,2026-03-17 11:41:01,Active,Enrolled,1,1,1,1
INK-2026-1490,David Lagat,20009268,david.lagat.490@inuka.org,+254798383279,Tech,Nairobi,Consented,Digital Signature,2026-07-07 11:41:01,Active,Enrolled,1,1,0,0
INK-2026-1491,Rose Kiptoo,20009314,rose.kiptoo.491@inuka.org,+254772583779,Vocational,North Eastern,Pending,nan,nan,Active,Pending Review,0,0,0,0
INK-2026-1492,Rose Ochieng,20009052,rose.ochieng.492@inuka.org,+254768262905,Vocational,Rift Valley,Consented,SMS OTP,2026-04-02 11:41:01,Active,Enrolled,1,0,1,0
INK-2026-1493,James Nyangau,20008881,james.nyangau.493@inuka.org,+254727502885,Plus,Nyanza,Pending,nan,nan,Active,Pending Review,0,0,0,0
INK-2026-1494,Moses Nekesa,20008798,moses.nekesa.494@inuka.org,+254798178760,Scholarship,Nyanza,Consented,Digital Signature,2026-08-18 11:41:01,Active,Enrolled,1,1,1,0
INK-2026-1495,Anita Kimani,20008922,anita.kimani.495@inuka.org,+254734785218,Plus,Nairobi,Consented,Physical Form,2026-05-04 11:41:01,Active,Enrolled,1,0,1,1
INK-2026-1496,Wycliffe Simiyu,20009282,wycliffe.simiyu.496@inuka.org,+254784500440,Tech,North Eastern,Withdrawn,Digital Signature,2026-08-20 11:41:01,Active,On Hold,0,0,0,0
INK-2026-1497,Evans Jebet,20008799,evans.jebet.497@inuka.org,+254730276763,Plus,North Eastern,Consented,SMS OTP,2026-05-27 11:41:01,Active,Enrolled,1,1,1,0
INK-2026-1498,Philip Wanjiku,20008788,philip.wanjiku.498@inuka.org,+254773884282,Plus,Nairobi,Consented,Digital Signature,2026-08-15 11:41:01,Active,Enrolled,1,0,1,1
INK-2026-1499,James Njoroge,20009005,james.njoroge.499@inuka.org,+254742192935,Tech,Nairobi,Consented,SMS OTP,2026-02-10 11:41:01,Active,Enrolled,1,0,1,0
INK-2026-1500,Peter Kemei,20008723,peter.kemei.500@inuka.org,+254793411323,Tech,Eastern,Consented,Physical Form,2026-07-09 11:41:01,Active,Enrolled,1,1,0,1
INK-2026-1501,Francis Kipruto,20009286,francis.kipruto.501@inuka.org,+254785651286,Vocational,Central,Consented,Digital Signature,2026-02-05 11:41:01,Active,Enrolled,1,0,0,0
INK-2026-1502,Peter Nekesa,20009318,peter.nekesa.502@inuka.org,+254797166184,Tech,Western,Consented,SMS OTP,2026-08-03 11:41:01,Active,Enrolled,1,0,0,1
INK-2026-1503,Stephen Sang,20008726,stephen.sang.503@inuka.org,+254795969413,Vocational,Nairobi,Consented,Physical Form,2026-04-16 11:41:01,Active,Enrolled,1,1,0,0
INK-2026-1504,Esther Mutua,20008673,esther.mutua.504@inuka.org,+254767544369,Scholarship,Central,Consented,SMS OTP,2026-06-18 11:41:01,Active,Enrolled,1,0,0,1
INK-2026-1505,Robert Kamau,20009412,robert.kamau.505@inuka.org,+254710428266,Vocational,Coastal,Withdrawn,Physical Form,2026-07-25 11:41:01,Active,On Hold,0,0,0,0
INK-2026-1506,Esther Wangari,20009106,esther.wangari.506@inuka.org,+254749341250,Tech,Nairobi,Consented,Digital Signature,2026-02-22 11:41:01,Active,Enrolled,1,0,1,0
INK-2026-1507,Emmanuel Ali,20008858,emmanuel.ali.507@inuka.org,+254753971287,Tech,Coastal,Consented,Physical Form,2026-06-20 11:41:01,Active,Enrolled,1,1,1,1
INK-2026-1508,Peter Kamau,20009223,peter.kamau.508@inuka.org,+254753915811,Plus,Rift Valley,Consented,Digital Signature,2026-04-02 11:41:01,Active,Enrolled,1,0,0,1
INK-2026-1509,Peter Jebet,20009189,peter.jebet.509@inuka.org,+254711289330,Tech,Rift Valley,Consented,Physical Form,2026-03-15 11:41:01,Active,Enrolled,1,1,1,1
INK-2026-1510,Faith Cherono,20008930,faith.cherono.510@inuka.org,+254756259431,Tech,Central,Consented,Physical Form,2026-02-14 11:41:01,Active,Enrolled,1,0,0,0
INK-2026-1511,Peter Barasa,20008998,peter.barasa.511@inuka.org,+254783551579,Plus,Nyanza,Consented,Digital Signature,2026-06-14 11:41:01,Active,Enrolled,1,0,1,1
INK-2026-1512,Asha Mutua,20009222,asha.mutua.512@inuka.org,+254748144522,Plus,Western,Consented,Physical Form,2026-07-30 11:41:01,Active,Enrolled,1,1,0,0
INK-2026-1513,Evans Muthoni,20009299,evans.muthoni.513@inuka.org,+254736131974,Tech,Central,Consented,Digital Signature,2026-04-05 11:41:01,Active,Enrolled,1,1,1,0
INK-2026-1514,Zainab Ochieng,20009525,zainab.ochieng.514@inuka.org,+254754741984,Scholarship,Eastern,Consented,SMS OTP,2026-02-10 11:41:01,Active,Enrolled,1,1,1,1
INK-2026-1515,Lucy Ombati,20009387,lucy.ombati.515@inuka.org,+254781898694,Scholarship,Rift Valley,Consented,Digital Signature,2026-05-04 11:41:01,Active,Enrolled,1,0,1,1
INK-2026-1516,Zainab Wamalwa,20009534,zainab.wamalwa.516@inuka.org,+254792560787,Tech,Rift Valley,Consented,SMS OTP,2026-07-31 11:41:01,Active,Enrolled,1,0,0,1
INK-2026-1517,John Kiptoo,20009116,john.kiptoo.517@inuka.org,+254758973260,Vocational,Nairobi,Consented,Physical Form,2026-07-02 11:41:01,Active,Enrolled,1,0,0,0
INK-2026-1518,Geoffrey Nyambura,20009647,geoffrey.nyambura.518@inuka.org,+254799873898,Plus,North Eastern,Consented,Digital Signature,2026-04-26 11:41:01,Active,Enrolled,1,1,1,0
INK-2026-1519,David Wanjiku,20009106,david.wanjiku.519@inuka.org,+254775453868,Scholarship,Nyanza,Withdrawn,Physical Form,2026-08-08 11:41:01,Active,On Hold,0,0,0,0
INK-2026-1520,Florence Wamalwa,20009583,florence.wamalwa.520@inuka.org,+254775966356,Vocational,Nyanza,Consented,SMS OTP,2026-02-18 11:41:01,Active,Enrolled,1,0,1,0
INK-2026-1521,Francis Njoroge,20009241,francis.njoroge.521@inuka.org,+254732148169,Scholarship,Nyanza,Consented,Digital Signature,2026-06-18 11:41:01,Active,Enrolled,1,1,0,0
INK-2026-1522,Catherine Cherono,20009599,catherine.cherono.522@inuka.org,+254721386319,Vocational,Nairobi,Consented,Digital Signature,2026-07-11 11:41:01,Active,Enrolled,1,1,1,1
INK-2026-1523,Rachael Nduku,20009006,rachael.nduku.523@inuka.org,+254793126230,Scholarship,Central,Withdrawn,Digital Signature,2026-08-19 11:41:01,Active,On Hold,0,0,0,0
INK-2026-1524,Daniel Mutua,20009474,daniel.mutua.524@inuka.org,+254750481797,Plus,Nairobi,Consented,Digital Signature,2026-07-19 11:41:01,Active,Enrolled,1,1,1,1
INK-2026-1525,Rose Kiprop,20009058,rose.kiprop.525@inuka.org,+254745431746,Tech,North Eastern,Pending,nan,nan,Active,Pending Review,0,0,0,0
INK-2026-1526,Peter Njoroge,20009807,peter.njoroge.526@inuka.org,+254776197184,Plus,Central,Consented,SMS OTP,2026-05-29 11:41:01,Active,Enrolled,1,1,1,0
INK-2026-1527,Peter Kamau,20009260,peter.kamau.527@inuka.org,+254712954136,Vocational,Rift Valley,Pending,nan,nan,Active,Pending Review,0,0,0,0
INK-2026-1528,Asha Mohamed,20009218,asha.mohamed.528@inuka.org,+254796854484,Scholarship,Central,Consented,Physical Form,2026-03-27 11:41:01,Active,Enrolled,1,0,1,1
INK-2026-1529,Simon Nyambura,20009108,simon.nyambura.529@inuka.org,+254788701339,Tech,North Eastern,Consented,SMS OTP,2026-03-15 11:41:01,Active,Enrolled,1,0,0,1
INK-2026-1530,Beatrice Kemei,20009634,beatrice.kemei.530@inuka.org,+254751677170,Plus,Western,Pending,nan,nan,Active,Pending Review,0,0,0,0
INK-2026-1531,Anita Ali,20009353,anita.ali.531@inuka.org,+254752682734,Scholarship,Nyanza,Pending,nan,nan,Active,Pending Review,0,0,0,0
INK-2026-1532,Philip Hassan,20009970,philip.hassan.532@inuka.org,+254729617605,Tech,Central,Consented,Digital Signature,2026-02-18 11:41:01,Active,Enrolled,1,0,0,1
INK-2026-1533,Agnes Mwangi,20009536,agnes.mwangi.533@inuka.org,+254723875494,Vocational,Nyanza,Pending,nan,nan,Active,Pending Review,0,0,0,0
INK-2026-1534,Zainab Koech,20009581,zainab.koech.534@inuka.org,+254775725473,Plus,Nyanza,Consented,Digital Signature,2026-04-03 11:41:01,Active,Enrolled,1,1,1,1
INK-2026-1535,Peter Mwangi,20009766,peter.mwangi.535@inuka.org,+254731523242,Vocational,Rift Valley,Consented,Physical Form,2026-04-04 11:41:01,Active,Enrolled,1,0,1,1
INK-2026-1536,Moses Kemei,20010079,moses.kemei.536@inuka.org,+254720163566,Plus,North Eastern,Consented,Digital Signature,2026-03-10 11:41:01,Active,Enrolled,1,0,1,1
INK-2026-1537,Brian Lagat,20009767,brian.lagat.537@inuka.org,+254727932806,Plus,North Eastern,Consented,Physical Form,2026-04-14 11:41:01,Active,Enrolled,1,0,1,1
INK-2026-1538,Michael Kipruto,20010014,michael.kipruto.538@inuka.org,+254793867743,Scholarship,North Eastern,Consented,Digital Signature,2026-07-16 11:41:01,Active,Enrolled,1,1,1,1
INK-2026-1539,John Maina,20009605,john.maina.539@inuka.org,+254784687446,Plus,North Eastern,Consented,Physical Form,2026-03-16 11:41:01,Active,Enrolled,1,1,0,0
INK-2026-1540,Moses Kipkorir,20009721,moses.kipkorir.540@inuka.org,+254788930302,Vocational,North Eastern,Consented,Physical Form,2026-08-05 11:41:01,Active,Enrolled,1,0,1,1
INK-2026-1541,Esther Wamalwa,20009431,esther.wamalwa.541@inuka.org,+254777294260,Vocational,Coastal,Consented,SMS OTP,2026-05-30 11:41:01,Active,Enrolled,1,0,0,1
INK-2026-1542,Brian Nyangau,20009644,brian.nyangau.542@inuka.org,+254711418967,Plus,Nyanza,Consented,SMS OTP,2026-04-01 11:41:01,Active,Enrolled,1,1,0,0
INK-2026-1543,Ruth Njoroge,20010000,ruth.njoroge.543@inuka.org,+254723967601,Tech,Rift Valley,Consented,SMS OTP,2026-07-09 11:41:01,Active,Enrolled,1,0,0,1
INK-2026-1544,Francis Njoroge,20009986,francis.njoroge.544@inuka.org,+254729880539,Tech,Eastern,Consented,Physical Form,2026-02-13 11:41:01,Active,Enrolled,1,0,1,0
INK-2026-1545,Peter Barasa,20009682,peter.barasa.545@inuka.org,+254731743384,Tech,Nairobi,Consented,Digital Signature,2026-03-04 11:41:01,Active,Enrolled,1,1,1,0
INK-2026-1546,Rachael Juma,20010250,rachael.juma.546@inuka.org,+254727926903,Vocational,Eastern,Consented,SMS OTP,2026-03-27 11:41:01,Active,Enrolled,1,1,0,1
INK-2026-1547,Evans Kariuki,20009673,evans.kariuki.547@inuka.org,+254752442730,Scholarship,Central,Consented,Digital Signature,2026-07-23 11:41:01,Active,Enrolled,1,0,1,1
INK-2026-1548,Francis Kariuki,20009584,francis.kariuki.548@inuka.org,+254769640246,Tech,Eastern,Pending,nan,nan,Active,Pending Review,0,0,0,0
INK-2026-1549,Charles Wangari,20010024,charles.wangari.549@inuka.org,+254759580107,Tech,North Eastern,Pending,nan,nan,Active,Pending Review,0,0,0,0
INK-2026-1550,Grace Kemei,20010005,grace.kemei.550@inuka.org,+254753780564,Scholarship,Eastern,Consented,Physical Form,2026-05-07 11:41:01,Active,Enrolled,1,0,1,1
INK-2026-1551,Fatuma Kiprop,20010189,fatuma.kiprop.551@inuka.org,+254798661989,Scholarship,Eastern,Consented,Digital Signature,2026-04-01 11:41:01,Active,Enrolled,1,1,1,1
INK-2026-1552,Joyce Njoroge,20009767,joyce.njoroge.552@inuka.org,+254744788408,Vocational,Coastal,Consented,SMS OTP,2026-08-10 11:41:01,Active,Enrolled,1,1,1,0
INK-2026-1553,Collins Mohamed,20009939,collins.mohamed.553@inuka.org,+254790121685,Plus,Western,Consented,Digital Signature,2026-04-29 11:41:01,Active,Enrolled,1,1,1,1
INK-2026-1554,Asha Ndwiga,20010197,asha.ndwiga.554@inuka.org,+254749593300,Vocational,Western,Consented,SMS OTP,2026-08-07 11:41:01,Active,Enrolled,1,0,0,0
INK-2026-1555,Grace Ibrahim,20010252,grace.ibrahim.555@inuka.org,+254747694289,Tech,Central,Consented,Physical Form,2026-05-11 11:41:01,Active,Enrolled,1,1,1,1
INK-2026-1556,Wycliffe Wambui,20010125,wycliffe.wambui.556@inuka.org,+254775231755,Plus,Western,Consented,Digital Signature,2026-02-06 11:41:01,Active,Enrolled,1,1,0,0
INK-2026-1557,Charles Wangari,20009788,charles.wangari.557@inuka.org,+254762228294,Plus,Eastern,Consented,SMS OTP,2026-02-15 11:41:01,Active,Enrolled,1,1,1,1
INK-2026-1558,Mercy Ekiru,20010162,mercy.ekiru.558@inuka.org,+254732829555,Vocational,Coastal,Withdrawn,Digital Signature,2026-08-02 11:41:01,Active,On Hold,0,0,0,0
INK-2026-1559,Asha Wangari,20009691,asha.wangari.559@inuka.org,+254762523946,Scholarship,Nyanza,Pending,nan,nan,Active,Pending Review,0,0,0,0
INK-2026-1560,John Kiptoo,20009706,john.kiptoo.560@inuka.org,+254762683853,Plus,Eastern,Consented,Digital Signature,2026-02-14 11:41:01,Active,Enrolled,1,0,1,0
INK-2026-1561,Eunice Odhiambo,20010241,eunice.odhiambo.561@inuka.org,+254774379936,Vocational,Western,Consented,SMS OTP,2026-03-11 11:41:01,Active,Enrolled,1,0,1,0
INK-2026-1562,Gladys Barasa,20009724,gladys.barasa.562@inuka.org,+254752236888,Plus,Central,Consented,Digital Signature,2026-04-28 11:41:01,Active,Enrolled,1,0,1,1
INK-2026-1563,Geoffrey Lagat,20010372,geoffrey.lagat.563@inuka.org,+254781245820,Vocational,Central,Consented,SMS OTP,2026-02-13 11:41:01,Active,Enrolled,1,1,1,1
INK-2026-1564,Halima Ombati,20010476,halima.ombati.564@inuka.org,+254777336944,Scholarship,North Eastern,Consented,Digital Signature,2026-07-21 11:41:01,Active,Enrolled,1,0,0,1
INK-2026-1565,Julius Ibrahim,20010355,julius.ibrahim.565@inuka.org,+254744557206,Vocational,North Eastern,Consented,Digital Signature,2026-07-28 11:41:01,Active,Enrolled,1,1,1,1
INK-2026-1566,Mercy Kemei,20010278,mercy.kemei.566@inuka.org,+254779934150,Scholarship,Rift Valley,Consented,Digital Signature,2026-03-24 11:41:01,Active,Enrolled,1,1,1,1
INK-2026-1567,John Mwangi,20010607,john.mwangi.567@inuka.org,+254751660108,Tech,Rift Valley,Consented,Digital Signature,2026-08-14 11:41:01,Active,Enrolled,1,0,1,1
INK-2026-1568,James Kipkorir,20010451,james.kipkorir.568@inuka.org,+254754766241,Plus,Nyanza,Consented,Digital Signature,2026-02-02 11:41:01,Active,Enrolled,1,0,0,0
INK-2026-1569,Fatuma Wambui,20010067,fatuma.wambui.569@inuka.org,+254746624805,Plus,Eastern,Withdrawn,SMS OTP,2026-07-05 11:41:01,Active,On Hold,0,0,0,0
INK-2026-1570,Moses Wamalwa,20010609,moses.wamalwa.570@inuka.org,+254747871162,Scholarship,Nairobi,Consented,Physical Form,2026-07-13 11:41:01,Active,Enrolled,1,1,0,1
INK-2026-1571,Andrew Wangari,20010456,andrew.wangari.571@inuka.org,+254750940303,Scholarship,Eastern,Consented,Physical Form,2026-02-26 11:41:01,Active,Enrolled,1,0,0,0
INK-2026-1572,Ruth Mohamed,20009940,ruth.mohamed.572@inuka.org,+254717214443,Vocational,Nyanza,Pending,nan,nan,Active,Pending Review,0,0,0,0
INK-2026-1573,John Nyangau,20009905,john.nyangau.573@inuka.org,+254752177438,Tech,Nairobi,Consented,SMS OTP,2026-07-30 11:41:01,Active,Enrolled,1,1,1,1
INK-2026-1574,Brian Chelimo,20010669,brian.chelimo.574@inuka.org,+254762865117,Tech,Eastern,Pending,nan,nan,Active,Pending Review,0,0,0,0
INK-2026-1575,Catherine Onyango,20010382,catherine.onyango.575@inuka.org,+254768836249,Tech,Coastal,Consented,Digital Signature,2026-05-30 11:41:01,Active,Enrolled,1,1,1,1
INK-2026-1576,Robert Wanyama,20010095,robert.wanyama.576@inuka.org,+254749760327,Vocational,Rift Valley,Consented,SMS OTP,2026-08-17 11:41:01,Active,Enrolled,1,0,0,1
INK-2026-1577,Zainab Wangari,20010730,zainab.wangari.577@inuka.org,+254725824682,Scholarship,Western,Consented,SMS OTP,2026-02-22 11:41:01,Active,Enrolled,1,1,0,0
INK-2026-1578,Geoffrey Otieno,20010196,geoffrey.otieno.578@inuka.org,+254731429324,Scholarship,Nairobi,Consented,Digital Signature,2026-03-11 11:41:01,Active,Enrolled,1,1,1,1
INK-2026-1579,Patrick Kipruto,20010113,patrick.kipruto.579@inuka.org,+254763363137,Tech,Eastern,Consented,SMS OTP,2026-08-14 11:41:01,Active,Enrolled,1,1,1,0
INK-2026-1580,Sarah Nduku,20010795,sarah.nduku.580@inuka.org,+254710724270,Scholarship,Central,Consented,Physical Form,2026-03-23 11:41:01,Active,Enrolled,1,0,1,1
INK-2026-1581,John Maina,20010267,john.maina.581@inuka.org,+254762966501,Plus,Eastern,Consented,Digital Signature,2026-06-10 11:41:01,Active,Enrolled,1,0,1,1
INK-2026-1582,Joyce Chepkemoi,20010123,joyce.chepkemoi.582@inuka.org,+254784206466,Plus,North Eastern,Consented,Digital Signature,2026-08-02 11:41:01,Active,Enrolled,1,1,0,1
INK-2026-1583,Peter Kimani,20010857,peter.kimani.583@inuka.org,+254778430112,Vocational,North Eastern,Consented,Physical Form,2026-02-02 11:41:01,Active,Enrolled,1,1,1,0
INK-2026-1584,James Kiptoo,20010782,james.kiptoo.584@inuka.org,+254740951153,Vocational,Western,Consented,SMS OTP,2026-05-25 11:41:01,Active,Enrolled,1,0,1,0
INK-2026-1585,Simon Mohamed,20010402,simon.mohamed.585@inuka.org,+254756985323,Vocational,North Eastern,Consented,SMS OTP,2026-04-16 11:41:01,Active,Enrolled,1,1,1,1
INK-2026-1586,Emmanuel Onyango,20010704,emmanuel.onyango.586@inuka.org,+254772590802,Scholarship,Nyanza,Consented,Digital Signature,2026-04-18 11:41:01,Active,Enrolled,1,1,0,0
INK-2026-1587,Ruth Barasa,20010612,ruth.barasa.587@inuka.org,+254729226820,Tech,Eastern,Consented,Digital Signature,2026-05-03 11:41:01,Active,Enrolled,1,1,0,0
INK-2026-1588,Mercy Hassan,20010189,mercy.hassan.588@inuka.org,+254758109324,Tech,Rift Valley,Consented,Digital Signature,2026-07-18 11:41:01,Active,Enrolled,1,1,1,1
INK-2026-1589,Emmanuel Achieng,20010207,emmanuel.achieng.589@inuka.org,+254718640274,Scholarship,Rift Valley,Consented,Physical Form,2026-05-21 11:41:01,Active,Enrolled,1,1,1,0
INK-2026-1590,Geoffrey Mohamed,20010760,geoffrey.mohamed.590@inuka.org,+254776590274,Scholarship,Nyanza,Consented,Physical Form,2026-07-17 11:41:01,Active,Enrolled,1,1,1,0
INK-2026-1591,Philip Kiarie,20010192,philip.kiarie.591@inuka.org,+254791367310,Vocational,North Eastern,Consented,Physical Form,2026-07-02 11:41:01,Active,Enrolled,1,0,0,1
INK-2026-1592,Anita Wambui,20010289,anita.wambui.592@inuka.org,+254766822643,Plus,Nairobi,Consented,Physical Form,2026-07-23 11:41:01,Active,Enrolled,1,0,1,0
INK-2026-1593,Esther Maina,20011027,esther.maina.593@inuka.org,+254790564723,Scholarship,Nyanza,Pending,nan,nan,Active,Pending Review,0,0,0,0
INK-2026-1594,Asha Ndwiga,20010319,asha.ndwiga.594@inuka.org,+254726970460,Vocational,Coastal,Consented,Physical Form,2026-05-27 11:41:01,Active,Enrolled,1,1,0,1
INK-2026-1595,Grace Wekesa,20011063,grace.wekesa.595@inuka.org,+254754973400,Vocational,North Eastern,Consented,Physical Form,2026-04-11 11:41:01,Active,Enrolled,1,1,1,0
INK-2026-1596,Philip Ali,20010852,philip.ali.596@inuka.org,+254739407474,Plus,Coastal,Pending,nan,nan,Active,Pending Review,0,0,0,0
INK-2026-1597,Charles Kemei,20010829,charles.kemei.597@inuka.org,+254727114941,Vocational,Eastern,Consented,Digital Signature,2026-03-07 11:41:01,Active,Enrolled,1,1,1,0
INK-2026-1598,Alice Ndwiga,20011031,alice.ndwiga.598@inuka.org,+254727898478,Scholarship,Rift Valley,Consented,Digital Signature,2026-06-10 11:41:01,Active,Enrolled,1,1,1,1
INK-2026-1599,Mary Wambui,20010705,mary.wambui.599@inuka.org,+254781839962,Tech,Nairobi,Consented,Physical Form,2026-05-26 11:41:01,Active,Enrolled,1,0,1,1
INK-2026-1600,Anita Hassan,20010477,anita.hassan.600@inuka.org,+254772540575,Tech,Nyanza,Consented,Digital Signature,2026-07-01 11:41:01,Active,Enrolled,1,1,1,1
INK-2026-1601,Rose Ekiru,20010353,rose.ekiru.601@inuka.org,+254782420658,Plus,Eastern,Consented,SMS OTP,2026-06-20 11:41:01,Active,Enrolled,1,0,0,0
INK-2026-1602,Simon Mwangi,20010630,simon.mwangi.602@inuka.org,+254720539907,Vocational,Eastern,Consented,Physical Form,2026-04-10 11:41:01,Active,Enrolled,1,1,0,0
INK-2026-1603,Daniel Wangari,20010592,daniel.wangari.603@inuka.org,+254772616160,Scholarship,Western,Consented,Physical Form,2026-05-21 11:41:01,Active,Enrolled,1,1,1,1
INK-2026-1604,Francis Mohamed,20011056,francis.mohamed.604@inuka.org,+254760588199,Tech,Eastern,Consented,Physical Form,2026-06-11 11:41:01,Active,Enrolled,1,1,1,1
INK-2026-1605,Halima Koech,20011281,halima.koech.605@inuka.org,+254794907241,Plus,Western,Pending,nan,nan,Active,Pending Review,0,0,0,0
INK-2026-1606,Peter Achieng,20010440,peter.achieng.606@inuka.org,+254771738404,Scholarship,Eastern,Consented,SMS OTP,2026-05-09 11:41:01,Active,Enrolled,1,1,1,1
INK-2026-1607,Alice Odhiambo,20010909,alice.odhiambo.607@inuka.org,+254760494420,Vocational,Western,Consented,Digital Signature,2026-02-17 11:41:01,Active,Enrolled,1,1,1,1
INK-2026-1608,Esther Kimani,20010957,esther.kimani.608@inuka.org,+254737653914,Vocational,Nyanza,Pending,nan,nan,Active,Pending Review,0,0,0,0
INK-2026-1609,Alice Njoroge,20011150,alice.njoroge.609@inuka.org,+254798942791,Scholarship,Central,Consented,Physical Form,2026-03-18 11:41:01,Active,Enrolled,1,0,1,1
INK-2026-1610,Joseph Ochieng,20011036,joseph.ochieng.610@inuka.org,+254743671658,Plus,Western,Consented,SMS OTP,2026-07-03 11:41:01,Active,Enrolled,1,1,1,1
INK-2026-1611,James Mutua,20011070,james.mutua.611@inuka.org,+254752918690,Vocational,Eastern,Withdrawn,SMS OTP,2026-08-02 11:41:01,Active,On Hold,0,0,0,0
INK-2026-1612,Anita Nekesa,20011194,anita.nekesa.612@inuka.org,+254776546564,Scholarship,Western,Consented,SMS OTP,2026-06-09 11:41:01,Active,Enrolled,1,1,0,0
INK-2026-1613,Gladys Kemei,20010536,gladys.kemei.613@inuka.org,+254723317926,Tech,Nairobi,Consented,SMS OTP,2026-04-16 11:41:01,Active,Enrolled,1,1,0,0
INK-2026-1614,Stephen Cherono,20010986,stephen.cherono.614@inuka.org,+254724511447,Tech,North Eastern,Consented,SMS OTP,2026-06-12 11:41:01,Active,Enrolled,1,1,1,1
INK-2026-1615,Daniel Achieng,20010821,daniel.achieng.615@inuka.org,+254764878813,Vocational,Rift Valley,Consented,Physical Form,2026-08-20 11:41:01,Active,Enrolled,1,1,1,0
INK-2026-1616,Gladys Rotich,20010899,gladys.rotich.616@inuka.org,+254744417315,Vocational,Nyanza,Pending,nan,nan,Active,Pending Review,0,0,0,0
INK-2026-1617,Robert Juma,20010636,robert.juma.617@inuka.org,+254791570164,Scholarship,Nyanza,Withdrawn,Physical Form,2026-07-31 11:41:01,Active,On Hold,0,0,0,0
INK-2026-1618,Brian Ibrahim,20010608,brian.ibrahim.618@inuka.org,+254768996425,Plus,Coastal,Consented,Digital Signature,2026-06-22 11:41:01,Active,Enrolled,1,0,1,1
INK-2026-1619,Mary Wekesa,20011199,mary.wekesa.619@inuka.org,+254794854972,Tech,Nairobi,Pending,nan,nan,Active,Pending Review,0,0,0,0
INK-2026-1620,Grace Kiprop,20011036,grace.kiprop.620@inuka.org,+254754227507,Plus,Eastern,Pending,nan,nan,Active,Pending Review,0,0,0,0
INK-2026-1621,Mercy Onyango,20011048,mercy.onyango.621@inuka.org,+254769939181,Scholarship,Coastal,Consented,SMS OTP,2026-03-20 11:41:01,Active,Enrolled,1,0,0,1
INK-2026-1622,Patrick Ombati,20010842,patrick.ombati.622@inuka.org,+254778463811,Vocational,Eastern,Consented,Physical Form,2026-05-30 11:41:01,Active,Enrolled,1,1,1,0
INK-2026-1623,Emmanuel Ali,20010727,emmanuel.ali.623@inuka.org,+254712228120,Plus,Rift Valley,Consented,Digital Signature,2026-02-05 11:41:01,Active,Enrolled,1,1,1,0
INK-2026-1624,Daniel Mohamed,20010738,daniel.mohamed.624@inuka.org,+254746702732,Vocational,Rift Valley,Consented,Digital Signature,2026-03-16 11:41:01,Active,Enrolled,1,0,1,1
INK-2026-1625,Collins Simiyu,20011179,collins.simiyu.625@inuka.org,+254768729917,Vocational,Western,Pending,nan,nan,Active,Pending Review,0,0,0,0
INK-2026-1626,Jane Omondi,20011451,jane.omondi.626@inuka.org,+254784619498,Plus,North Eastern,Consented,SMS OTP,2026-08-20 11:41:01,Active,Enrolled,1,0,1,1
INK-2026-1627,Julius Barasa,20010807,julius.barasa.627@inuka.org,+254740565662,Plus,Nyanza,Consented,Digital Signature,2026-07-14 11:41:01,Active,Enrolled,1,1,1,0
INK-2026-1628,Joyce Kimani,20011412,joyce.kimani.628@inuka.org,+254750135328,Scholarship,Central,Consented,Physical Form,2026-05-24 11:41:01,Active,Enrolled,1,1,0,1
INK-2026-1629,Zainab Odhiambo,20011168,zainab.odhiambo.629@inuka.org,+254767311704,Vocational,Coastal,Consented,Physical Form,2026-06-20 11:41:01,Active,Enrolled,1,1,1,0
INK-2026-1630,Joseph Sang,20011346,joseph.sang.630@inuka.org,+254722755996,Scholarship,Coastal,Consented,Digital Signature,2026-06-10 11:41:01,Active,Enrolled,1,0,1,0
INK-2026-1631,Kevin Hassan,20011718,kevin.hassan.631@inuka.org,+254772420172,Vocational,North Eastern,Consented,Digital Signature,2026-05-01 11:41:01,Active,Enrolled,1,1,1,1
INK-2026-1632,Julius Otieno,20010988,julius.otieno.632@inuka.org,+254723601914,Tech,Nyanza,Pending,nan,nan,Active,Pending Review,0,0,0,0
INK-2026-1633,Charles Otieno,20011704,charles.otieno.633@inuka.org,+254725174603,Tech,Rift Valley,Consented,Physical Form,2026-02-06 11:41:01,Active,Enrolled,1,1,1,0
INK-2026-1634,Eunice Nekesa,20010973,eunice.nekesa.634@inuka.org,+254743562522,Plus,Central,Consented,Digital Signature,2026-05-17 11:41:01,Active,Enrolled,1,1,1,0
INK-2026-1635,Geoffrey Otieno,20011658,geoffrey.otieno.635@inuka.org,+254750123201,Scholarship,Nyanza,Consented,Physical Form,2026-07-02 11:41:01,Active,Enrolled,1,1,1,1
INK-2026-1636,Geoffrey Kipruto,20011655,geoffrey.kipruto.636@inuka.org,+254775955293,Plus,Rift Valley,Consented,Physical Form,2026-06-10 11:41:01,Active,Enrolled,1,1,0,0
INK-2026-1637,Joyce Ekiru,20011688,joyce.ekiru.637@inuka.org,+254725236690,Tech,North Eastern,Withdrawn,SMS OTP,2026-08-10 11:41:01,Active,On Hold,0,0,0,0
INK-2026-1638,Eunice Jebet,20011312,eunice.jebet.638@inuka.org,+254770631478,Scholarship,Nairobi,Consented,SMS OTP,2026-07-01 11:41:01,Active,Enrolled,1,0,1,0
INK-2026-1639,James Chelimo,20011858,james.chelimo.639@inuka.org,+254752127409,Vocational,Rift Valley,Consented,Physical Form,2026-06-29 11:41:01,Active,Enrolled,1,0,1,1
INK-2026-1640,Mercy Sang,20011468,mercy.sang.640@inuka.org,+254730920197,Scholarship,Central,Consented,Digital Signature,2026-05-26 11:41:01,Active,Enrolled,1,1,1,0
INK-2026-1641,Asha Mwangi,20011763,asha.mwangi.641@inuka.org,+254737401136,Tech,Central,Consented,SMS OTP,2026-02-27 11:41:01,Active,Enrolled,1,1,1,1
INK-2026-1642,Philip Juma,20011180,philip.juma.642@inuka.org,+254751229653,Vocational,Eastern,Withdrawn,Physical Form,2026-08-04 11:41:01,Active,On Hold,0,0,0,0
INK-2026-1643,Joseph Mutua,20011298,joseph.mutua.643@inuka.org,+254755228172,Plus,Nyanza,Consented,Physical Form,2026-06-08 11:41:01,Active,Enrolled,1,1,1,1
INK-2026-1644,Florence Mwangi,20011196,florence.mwangi.644@inuka.org,+254729767718,Vocational,Western,Consented,SMS OTP,2026-03-13 11:41:01,Active,Enrolled,1,0,0,1
INK-2026-1645,Zainab Mutua,20011072,zainab.mutua.645@inuka.org,+254757397110,Scholarship,Nairobi,Pending,nan,nan,Active,Pending Review,0,0,0,0
INK-2026-1646,Mary Simiyu,20011892,mary.simiyu.646@inuka.org,+254718222461,Plus,North Eastern,Withdrawn,SMS OTP,2026-07-21 11:41:01,Active,On Hold,0,0,0,0
INK-2026-1647,Andrew Wambui,20011244,andrew.wambui.647@inuka.org,+254725864996,Tech,Nyanza,Consented,Physical Form,2026-05-19 11:41:01,Active,Enrolled,1,1,0,1
INK-2026-1648,Jane Sang,20011622,jane.sang.648@inuka.org,+254748446701,Scholarship,Central,Consented,SMS OTP,2026-04-22 11:41:01,Active,Enrolled,1,0,1,0
INK-2026-1649,Stephen Koech,20011715,stephen.koech.649@inuka.org,+254747581361,Vocational,Rift Valley,Consented,Digital Signature,2026-08-03 11:41:01,Active,Enrolled,1,0,0,0
INK-2026-1650,Andrew Karanja,20011764,andrew.karanja.650@inuka.org,+254774505840,Scholarship,Nyanza,Pending,nan,nan,Active,Pending Review,0,0,0,0
INK-2026-1651,Asha Ombati,20011445,asha.ombati.651@inuka.org,+254741345942,Plus,Coastal,Consented,SMS OTP,2026-05-21 11:41:01,Active,Enrolled,1,0,1,1
INK-2026-1652,Paul Odhiambo,20011188,paul.odhiambo.652@inuka.org,+254711500932,Vocational,North Eastern,Consented,SMS OTP,2026-05-26 11:41:01,Active,Enrolled,1,1,1,0
INK-2026-1653,Kevin Hassan,20011571,kevin.hassan.653@inuka.org,+254758763282,Plus,Eastern,Consented,SMS OTP,2026-06-16 11:41:01,Active,Enrolled,1,1,0,0
INK-2026-1654,Moses Mutua,20011390,moses.mutua.654@inuka.org,+254784922674,Scholarship,Western,Consented,SMS OTP,2026-05-31 11:41:01,Active,Enrolled,1,0,1,0
INK-2026-1655,Halima Mwangi,20011306,halima.mwangi.655@inuka.org,+254720445581,Plus,Rift Valley,Consented,Digital Signature,2026-07-12 11:41:01,Active,Enrolled,1,0,1,1
INK-2026-1656,Francis Kamau,20011694,francis.kamau.656@inuka.org,+254797443875,Plus,Coastal,Pending,nan,nan,Active,Pending Review,0,0,0,0
INK-2026-1657,Catherine Omondi,20011713,catherine.omondi.657@inuka.org,+254754496101,Tech,Coastal,Consented,Physical Form,2026-07-02 11:41:01,Active,Enrolled,1,1,1,0
INK-2026-1658,Grace Muthoni,20011937,grace.muthoni.658@inuka.org,+254791273765,Scholarship,Rift Valley,Consented,Digital Signature,2026-02-02 11:41:01,Active,Enrolled,1,1,0,1
INK-2026-1659,Jane Kipruto,20011853,jane.kipruto.659@inuka.org,+254725732449,Plus,Coastal,Consented,SMS OTP,2026-02-02 11:41:01,Active,Enrolled,1,0,1,1
INK-2026-1660,Emmanuel Maina,20011859,emmanuel.maina.660@inuka.org,+254793356338,Vocational,Western,Withdrawn,SMS OTP,2026-08-05 11:41:01,Active,On Hold,0,0,0,0
INK-2026-1661,Mercy Odhiambo,20011513,mercy.odhiambo.661@inuka.org,+254737552184,Vocational,Coastal,Consented,Physical Form,2026-05-15 11:41:01,Active,Enrolled,1,0,1,0
INK-2026-1662,Grace Odhiambo,20011536,grace.odhiambo.662@inuka.org,+254777243377,Scholarship,Central,Consented,SMS OTP,2026-06-14 11:41:01,Active,Enrolled,1,1,0,0
INK-2026-1663,Grace Otieno,20011612,grace.otieno.663@inuka.org,+254723271777,Tech,North Eastern,Consented,Physical Form,2026-06-27 11:41:01,Active,Enrolled,1,1,1,1
INK-2026-1664,Zainab Mwangi,20012077,zainab.mwangi.664@inuka.org,+254755246767,Plus,Eastern,Consented,Digital Signature,2026-03-09 11:41:01,Active,Enrolled,1,0,1,0
INK-2026-1665,Geoffrey Nyambura,20011409,geoffrey.nyambura.665@inuka.org,+254737982338,Plus,Coastal,Consented,Physical Form,2026-06-11 11:41:01,Active,Enrolled,1,1,0,1
INK-2026-1666,Sarah Wekesa,20012058,sarah.wekesa.666@inuka.org,+254750860367,Scholarship,Nyanza,Consented,Physical Form,2026-07-06 11:41:01,Active,Enrolled,1,0,0,1
INK-2026-1667,Stephen Omondi,20011999,stephen.omondi.667@inuka.org,+254745325679,Tech,Central,Consented,Digital Signature,2026-03-13 11:41:01,Active,Enrolled,1,0,1,1
INK-2026-1668,Joyce Ombati,20011649,joyce.ombati.668@inuka.org,+254752240856,Tech,Eastern,Consented,SMS OTP,2026-07-03 11:41:01,Active,Enrolled,1,0,0,1
INK-2026-1669,Joseph Wambui,20011682,joseph.wambui.669@inuka.org,+254716726247,Tech,Nyanza,Consented,Digital Signature,2026-07-22 11:41:01,Active,Enrolled,1,1,1,0
INK-2026-1670,Agnes Mwangi,20012125,agnes.mwangi.670@inuka.org,+254770167537,Scholarship,Nyanza,Pending,nan,nan,Active,Pending Review,0,0,0,0
INK-2026-1671,Emmanuel Nyambura,20012249,emmanuel.nyambura.671@inuka.org,+254767852929,Tech,Rift Valley,Consented,Physical Form,2026-05-30 11:41:01,Active,Enrolled,1,1,1,0
INK-2026-1672,Peter Kipkorir,20011731,peter.kipkorir.672@inuka.org,+254726543768,Scholarship,Nyanza,Pending,nan,nan,Active,Pending Review,0,0,0,0
INK-2026-1673,Rose Kiarie,20012271,rose.kiarie.673@inuka.org,+254790170433,Plus,North Eastern,Consented,Physical Form,2026-07-13 11:41:01,Active,Enrolled,1,1,1,1
INK-2026-1674,Asha Chelimo,20012366,asha.chelimo.674@inuka.org,+254780450592,Scholarship,Western,Consented,Digital Signature,2026-03-15 11:41:01,Active,Enrolled,1,0,0,0
INK-2026-1675,Mercy Juma,20012460,mercy.juma.675@inuka.org,+254722672205,Vocational,North Eastern,Pending,nan,nan,Active,Pending Review,0,0,0,0
INK-2026-1676,Beatrice Nyambura,20012475,beatrice.nyambura.676@inuka.org,+254755806432,Tech,Eastern,Consented,SMS OTP,2026-07-04 11:41:01,Active,Enrolled,1,1,0,1
INK-2026-1677,Julius Kariuki,20012346,julius.kariuki.677@inuka.org,+254738685307,Plus,Coastal,Consented,Physical Form,2026-04-17 11:41:01,Active,Enrolled,1,0,1,1
INK-2026-1678,Fatuma Njoroge,20012445,fatuma.njoroge.678@inuka.org,+254757350351,Scholarship,Eastern,Consented,Digital Signature,2026-05-16 11:41:01,Active,Enrolled,1,1,0,0
INK-2026-1679,Robert Odhiambo,20011950,robert.odhiambo.679@inuka.org,+254750981843,Vocational,North Eastern,Consented,Digital Signature,2026-05-28 11:41:01,Active,Enrolled,1,1,0,1
INK-2026-1680,Paul Odhiambo,20012508,paul.odhiambo.680@inuka.org,+254747575714,Plus,Nairobi,Consented,Digital Signature,2026-02-22 11:41:01,Active,Enrolled,1,0,0,1
INK-2026-1681,Lydia Kariuki,20012425,lydia.kariuki.681@inuka.org,+254791144654,Tech,Nairobi,Consented,Physical Form,2026-02-02 11:41:01,Active,Enrolled,1,1,1,0
INK-2026-1682,Anita Mwangi,20011831,anita.mwangi.682@inuka.org,+254758698792,Vocational,Coastal,Consented,SMS OTP,2026-04-07 11:41:01,Active,Enrolled,1,0,1,1
INK-2026-1683,Catherine Muthoni,20011951,catherine.muthoni.683@inuka.org,+254744611478,Scholarship,Coastal,Consented,SMS OTP,2026-03-14 11:41:01,Active,Enrolled,1,0,0,1
INK-2026-1684,Sarah Lagat,20011729,sarah.lagat.684@inuka.org,+254754690465,Scholarship,Western,Consented,SMS OTP,2026-05-11 11:41:01,Active,Enrolled,1,1,0,0
INK-2026-1685,Eunice Jebet,20012418,eunice.jebet.685@inuka.org,+254728263199,Tech,Coastal,Consented,Digital Signature,2026-03-03 11:41:01,Active,Enrolled,1,1,0,0
INK-2026-1686,Mary Mwangi,20012629,mary.mwangi.686@inuka.org,+254786615677,Scholarship,Coastal,Withdrawn,Physical Form,2026-07-05 11:41:01,Active,On Hold,0,0,0,0
INK-2026-1687,Halima Karanja,20012585,halima.karanja.687@inuka.org,+254763434198,Tech,Central,Consented,SMS OTP,2026-03-23 11:41:01,Active,Enrolled,1,1,1,1
INK-2026-1688,Daniel Nduku,20011850,daniel.nduku.688@inuka.org,+254739421730,Vocational,Western,Consented,SMS OTP,2026-03-17 11:41:01,Active,Enrolled,1,1,1,1
INK-2026-1689,Francis Wekesa,20012148,francis.wekesa.689@inuka.org,+254722468924,Vocational,North Eastern,Consented,Physical Form,2026-04-09 11:41:01,Active,Enrolled,1,1,0,1
INK-2026-1690,Rachael Nyambura,20012483,rachael.nyambura.690@inuka.org,+254775235761,Plus,Western,Consented,SMS OTP,2026-04-22 11:41:01,Active,Enrolled,1,1,1,1
INK-2026-1691,Joseph Ombati,20012150,joseph.ombati.691@inuka.org,+254782517520,Vocational,Eastern,Consented,Physical Form,2026-04-23 11:41:01,Active,Enrolled,1,1,1,1
INK-2026-1692,Andrew Sang,20012352,andrew.sang.692@inuka.org,+254777402388,Plus,North Eastern,Pending,nan,nan,Active,Pending Review,0,0,0,0
INK-2026-1693,Anita Barasa,20012624,anita.barasa.693@inuka.org,+254769377752,Scholarship,North Eastern,Pending,nan,nan,Active,Pending Review,0,0,0,0
INK-2026-1694,Patrick Otieno,20012511,patrick.otieno.694@inuka.org,+254730746191,Vocational,Rift Valley,Consented,Digital Signature,2026-06-16 11:41:01,Active,Enrolled,1,1,1,1
INK-2026-1695,Asha Jebet,20012759,asha.jebet.695@inuka.org,+254786508205,Tech,Rift Valley,Pending,nan,nan,Active,Pending Review,0,0,0,0
INK-2026-1696,Agnes Kipruto,20012613,agnes.kipruto.696@inuka.org,+254727324721,Tech,Rift Valley,Consented,SMS OTP,2026-03-01 11:41:01,Active,Enrolled,1,1,0,1
INK-2026-1697,Moses Juma,20012487,moses.juma.697@inuka.org,+254749287953,Tech,Coastal,Consented,Physical Form,2026-07-11 11:41:01,Active,Enrolled,1,1,1,1
INK-2026-1698,Rachael Nekesa,20012290,rachael.nekesa.698@inuka.org,+254742510628,Vocational,Nairobi,Consented,Physical Form,2026-07-28 11:41:01,Active,Enrolled,1,0,1,1
INK-2026-1699,Moses Simiyu,20012845,moses.simiyu.699@inuka.org,+254791494245,Plus,Nairobi,Consented,SMS OTP,2026-07-24 11:41:01,Active,Enrolled,1,1,1,1
INK-2026-1700,Simon Wamalwa,20012812,simon.wamalwa.700@inuka.org,+254762955815,Scholarship,North Eastern,Consented,Digital Signature,2026-02-22 11:41:01,Active,Enrolled,1,1,1,1
INK-2026-1701,Paul Mohamed,20012563,paul.mohamed.701@inuka.org,+254737470384,Plus,Eastern,Consented,Physical Form,2026-08-12 11:41:01,Active,Enrolled,1,1,1,1
INK-2026-1702,Lydia Otieno,20012828,lydia.otieno.702@inuka.org,+254770656113,Tech,Nairobi,Consented,Digital Signature,2026-05-14 11:41:01,Active,Enrolled,1,0,0,1
INK-2026-1703,Ruth Kimani,20012742,ruth.kimani.703@inuka.org,+254769995705,Scholarship,Coastal,Withdrawn,SMS OTP,2026-07-18 11:41:01,Active,On Hold,0,0,0,0
INK-2026-1704,Evans Ochieng,20012341,evans.ochieng.704@inuka.org,+254725399692,Vocational,Eastern,Consented,SMS OTP,2026-05-27 11:41:01,Active,Enrolled,1,0,1,0
INK-2026-1705,Anita Kipkorir,20012639,anita.kipkorir.705@inuka.org,+254713828841,Tech,Nairobi,Consented,Physical Form,2026-03-24 11:41:01,Active,Enrolled,1,1,1,1
INK-2026-1706,James Wekesa,20012874,james.wekesa.706@inuka.org,+254791980680,Tech,Eastern,Consented,Digital Signature,2026-06-08 11:41:01,Active,Enrolled,1,1,1,1
INK-2026-1707,Asha Wamalwa,20012159,asha.wamalwa.707@inuka.org,+254797371485,Scholarship,Rift Valley,Consented,SMS OTP,2026-05-14 11:41:01,Active,Enrolled,1,1,0,1
INK-2026-1708,Evans Omondi,20012922,evans.omondi.708@inuka.org,+254723178493,Scholarship,Nairobi,Consented,SMS OTP,2026-06-30 11:41:01,Active,Enrolled,1,0,0,0
INK-2026-1709,Mary Mutua,20012394,mary.mutua.709@inuka.org,+254787595423,Tech,Nyanza,Consented,Physical Form,2026-05-28 11:41:01,Active,Enrolled,1,0,1,1
INK-2026-1710,Evans Kipruto,20012337,evans.kipruto.710@inuka.org,+254763634398,Vocational,Eastern,Pending,nan,nan,Active,Pending Review,0,0,0,0
INK-2026-1711,Michael Chelimo,20012885,michael.chelimo.711@inuka.org,+254786310241,Plus,Central,Consented,Digital Signature,2026-04-20 11:41:01,Active,Enrolled,1,0,1,1
INK-2026-1712,Michael Nyambura,20012749,michael.nyambura.712@inuka.org,+254716123806,Scholarship,Rift Valley,Consented,Digital Signature,2026-03-04 11:41:01,Active,Enrolled,1,1,1,1
INK-2026-1713,Collins Rotich,20013028,collins.rotich.713@inuka.org,+254753132944,Vocational,North Eastern,Withdrawn,Physical Form,2026-08-11 11:41:01,Active,On Hold,0,0,0,0
INK-2026-1714,Brian Kimani,20013109,brian.kimani.714@inuka.org,+254719308434,Scholarship,North Eastern,Consented,Physical Form,2026-07-14 11:41:01,Active,Enrolled,1,1,1,0
INK-2026-1715,Florence Wanyama,20012987,florence.wanyama.715@inuka.org,+254754572896,Tech,Nairobi,Consented,Physical Form,2026-06-16 11:41:01,Active,Enrolled,1,1,0,1
INK-2026-1716,Wycliffe Njoroge,20012618,wycliffe.njoroge.716@inuka.org,+254722348576,Plus,Western,Consented,SMS OTP,2026-04-09 11:41:01,Active,Enrolled,1,0,1,1
INK-2026-1717,Michael Mutua,20012549,michael.mutua.717@inuka.org,+254767603848,Scholarship,Rift Valley,Consented,Physical Form,2026-02-14 11:41:01,Active,Enrolled,1,0,1,1
INK-2026-1718,Catherine Kiprop,20012482,catherine.kiprop.718@inuka.org,+254744873176,Vocational,Rift Valley,Consented,Digital Signature,2026-02-25 11:41:01,Active,Enrolled,1,1,1,0
INK-2026-1719,Halima Omondi,20012536,halima.omondi.719@inuka.org,+254734536403,Vocational,Coastal,Withdrawn,SMS OTP,2026-08-09 11:41:01,Active,On Hold,0,0,0,0
INK-2026-1720,Sarah Mohamed,20012816,sarah.mohamed.720@inuka.org,+254735214758,Scholarship,North Eastern,Consented,Physical Form,2026-02-03 11:41:01,Active,Enrolled,1,1,0,0
INK-2026-1721,Ruth Otieno,20013180,ruth.otieno.721@inuka.org,+254796276899,Vocational,Coastal,Consented,SMS OTP,2026-06-01 11:41:01,Active,Enrolled,1,1,1,1
INK-2026-1722,Lydia Ibrahim,20012894,lydia.ibrahim.722@inuka.org,+254720310687,Tech,Nairobi,Consented,Digital Signature,2026-04-18 11:41:01,Active,Enrolled,1,1,1,1
INK-2026-1723,Moses Wambui,20012811,moses.wambui.723@inuka.org,+254722724572,Scholarship,Central,Consented,Physical Form,2026-02-11 11:41:01,Active,Enrolled,1,1,0,1
INK-2026-1724,Emmanuel Kipkorir,20013036,emmanuel.kipkorir.724@inuka.org,+254728242893,Tech,Western,Pending,nan,nan,Active,Pending Review,0,0,0,0
INK-2026-1725,Patrick Wekesa,20013002,patrick.wekesa.725@inuka.org,+254721763903,Vocational,Coastal,Consented,Digital Signature,2026-06-29 11:41:01,Active,Enrolled,1,1,1,0
INK-2026-1726,Esther Juma,20012551,esther.juma.726@inuka.org,+254716173462,Vocational,Rift Valley,Consented,SMS OTP,2026-04-03 11:41:01,Active,Enrolled,1,0,1,1
INK-2026-1727,Patrick Mutua,20013050,patrick.mutua.727@inuka.org,+254726741694,Scholarship,Eastern,Consented,SMS OTP,2026-04-30 11:41:01,Active,Enrolled,1,0,1,0
INK-2026-1728,Fatuma Chepkemoi,20013284,fatuma.chepkemoi.728@inuka.org,+254716903628,Plus,Central,Consented,Physical Form,2026-06-05 11:41:01,Active,Enrolled,1,1,0,1
INK-2026-1729,Robert Omondi,20012602,robert.omondi.729@inuka.org,+254761301262,Scholarship,North Eastern,Consented,Physical Form,2026-02-05 11:41:01,Active,Enrolled,1,1,1,1
INK-2026-1730,Daniel Wanyama,20013033,daniel.wanyama.730@inuka.org,+254797662962,Plus,Nyanza,Consented,SMS OTP,2026-02-10 11:41:01,Active,Enrolled,1,0,1,1
INK-2026-1731,Robert Wambui,20013076,robert.wambui.731@inuka.org,+254727595415,Plus,Coastal,Consented,Digital Signature,2026-03-24 11:41:01,Active,Enrolled,1,1,1,1
INK-2026-1732,Geoffrey Ali,20012665,geoffrey.ali.732@inuka.org,+254736729621,Plus,Eastern,Consented,Digital Signature,2026-02-04 11:41:01,Active,Enrolled,1,0,1,0
INK-2026-1733,Zainab Ali,20012990,zainab.ali.733@inuka.org,+254777390674,Tech,Eastern,Consented,Physical Form,2026-07-22 11:41:01,Active,Enrolled,1,1,1,0
INK-2026-1734,Mercy Lagat,20013419,mercy.lagat.734@inuka.org,+254783608888,Scholarship,Coastal,Consented,SMS OTP,2026-07-04 11:41:01,Active,Enrolled,1,0,1,1
INK-2026-1735,Geoffrey Cherono,20012956,geoffrey.cherono.735@inuka.org,+254713160627,Scholarship,North Eastern,Consented,SMS OTP,2026-05-29 11:41:01,Active,Enrolled,1,1,1,1
INK-2026-1736,Charles Mwangi,20013325,charles.mwangi.736@inuka.org,+254786395473,Tech,Western,Consented,Digital Signature,2026-02-12 11:41:01,Active,Enrolled,1,1,1,1
INK-2026-1737,Wycliffe Sang,20013219,wycliffe.sang.737@inuka.org,+254763820651,Vocational,Coastal,Consented,SMS OTP,2026-04-11 11:41:01,Active,Enrolled,1,1,0,1
INK-2026-1738,Halima Njoroge,20013083,halima.njoroge.738@inuka.org,+254795788246,Tech,Western,Consented,Digital Signature,2026-02-09 11:41:01,Active,Enrolled,1,1,1,0
INK-2026-1739,Grace Kiprop,20013516,grace.kiprop.739@inuka.org,+254784991658,Plus,Western,Consented,SMS OTP,2026-06-10 11:41:01,Active,Enrolled,1,1,1,0
INK-2026-1740,Wycliffe Jebet,20013192,wycliffe.jebet.740@inuka.org,+254722971540,Plus,Central,Consented,SMS OTP,2026-06-24 11:41:01,Active,Enrolled,1,0,1,0
INK-2026-1741,Zainab Kimani,20013337,zainab.kimani.741@inuka.org,+254749121616,Plus,Rift Valley,Consented,SMS OTP,2026-05-01 11:41:01,Active,Enrolled,1,0,1,1
INK-2026-1742,Patrick Juma,20013553,patrick.juma.742@inuka.org,+254741688425,Tech,Nyanza,Consented,Digital Signature,2026-08-08 11:41:01,Active,Enrolled,1,1,1,0
INK-2026-1743,Fatuma Wekesa,20013323,fatuma.wekesa.743@inuka.org,+254717488616,Scholarship,Eastern,Consented,SMS OTP,2026-02-15 11:41:01,Active,Enrolled,1,0,1,0
INK-2026-1744,Charles Maina,20012949,charles.maina.744@inuka.org,+254742759376,Plus,Central,Consented,Physical Form,2026-07-08 11:41:01,Active,Enrolled,1,1,1,1
INK-2026-1745,Mercy Omondi,20012946,mercy.omondi.745@inuka.org,+254766410883,Plus,Nairobi,Consented,SMS OTP,2026-05-27 11:41:01,Active,Enrolled,1,1,1,1
INK-2026-1746,Andrew Wekesa,20013088,andrew.wekesa.746@inuka.org,+254797712728,Tech,Coastal,Withdrawn,Digital Signature,2026-07-27 11:41:01,Active,On Hold,0,0,0,0
INK-2026-1747,Catherine Kamau,20013337,catherine.kamau.747@inuka.org,+254755566537,Scholarship,Nyanza,Consented,Digital Signature,2026-06-21 11:41:01,Active,Enrolled,1,1,1,1
INK-2026-1748,Asha Kipkorir,20013184,asha.kipkorir.748@inuka.org,+254738179201,Scholarship,Western,Withdrawn,SMS OTP,2026-07-31 11:41:01,Active,On Hold,0,0,0,0
INK-2026-1749,Zainab Ndwiga,20012985,zainab.ndwiga.749@inuka.org,+254717621355,Tech,North Eastern,Consented,Digital Signature,2026-03-07 11:41:01,Active,Enrolled,1,0,1,1
INK-2026-1750,Florence Mwangi,20012893,florence.mwangi.750@inuka.org,+254794545312,Scholarship,Rift Valley,Consented,Physical Form,2026-06-27 11:41:01,Active,Enrolled,1,1,0,0
INK-2026-1751,Esther Juma,20013488,esther.juma.751@inuka.org,+254757707967,Plus,Nairobi,Consented,Physical Form,2026-02-11 11:41:01,Active,Enrolled,1,1,0,0
INK-2026-1752,Kevin Njoroge,20012914,kevin.njoroge.752@inuka.org,+254783410452,Scholarship,Rift Valley,Consented,Digital Signature,2026-04-24 11:41:01,Active,Enrolled,1,1,1,1
INK-2026-1753,Fatuma Ombati,20013223,fatuma.ombati.753@inuka.org,+254750173732,Tech,Eastern,Consented,SMS OTP,2026-05-07 11:41:01,Active,Enrolled,1,1,0,0
INK-2026-1754,Wycliffe Achieng,20013340,wycliffe.achieng.754@inuka.org,+254760307114,Scholarship,Rift Valley,Consented,SMS OTP,2026-05-22 11:41:01,Active,Enrolled,1,1,1,0
INK-2026-1755,Faith Hassan,20013726,faith.hassan.755@inuka.org,+254758642387,Scholarship,Nyanza,Consented,SMS OTP,2026-08-13 11:41:01,Active,Enrolled,1,0,1,0
INK-2026-1756,Lydia Ndwiga,20013424,lydia.ndwiga.756@inuka.org,+254723976896,Scholarship,North Eastern,Pending,nan,nan,Active,Pending Review,0,0,0,0
INK-2026-1757,Lydia Kiprop,20013052,lydia.kiprop.757@inuka.org,+254721891107,Plus,Western,Consented,SMS OTP,2026-07-25 11:41:01,Active,Enrolled,1,0,1,0
INK-2026-1758,Florence Kipkorir,20013174,florence.kipkorir.758@inuka.org,+254759579117,Tech,North Eastern,Pending,nan,nan,Active,Pending Review,0,0,0,0
INK-2026-1759,Lydia Wanyama,20013131,lydia.wanyama.759@inuka.org,+254766400594,Scholarship,Eastern,Pending,nan,nan,Active,Pending Review,0,0,0,0
INK-2026-1760,Agnes Wanjiku,20013708,agnes.wanjiku.760@inuka.org,+254743605874,Vocational,Central,Consented,SMS OTP,2026-06-27 11:41:01,Active,Enrolled,1,0,1,1
INK-2026-1761,Patrick Nyambura,20013059,patrick.nyambura.761@inuka.org,+254797125866,Vocational,Eastern,Consented,Digital Signature,2026-05-12 11:41:01,Active,Enrolled,1,0,1,1
INK-2026-1762,Joseph Nyangau,20013826,joseph.nyangau.762@inuka.org,+254754222385,Plus,Nairobi,Pending,nan,nan,Active,Pending Review,0,0,0,0
INK-2026-1763,Grace Mohamed,20013792,grace.mohamed.763@inuka.org,+254735327400,Scholarship,Western,Consented,Digital Signature,2026-06-04 11:41:01,Active,Enrolled,1,0,0,0
INK-2026-1764,Joyce Karanja,20013114,joyce.karanja.764@inuka.org,+254728862188,Tech,Nairobi,Consented,SMS OTP,2026-04-04 11:41:01,Active,Enrolled,1,1,1,1
INK-2026-1765,Francis Odhiambo,20013600,francis.odhiambo.765@inuka.org,+254761879647,Plus,Western,Consented,SMS OTP,2026-03-09 11:41:01,Active,Enrolled,1,0,1,0
INK-2026-1766,Beatrice Koech,20013831,beatrice.koech.766@inuka.org,+254738562113,Plus,Nyanza,Consented,Digital Signature,2026-07-05 11:41:01,Active,Enrolled,1,0,0,1
INK-2026-1767,Simon Ali,20013769,simon.ali.767@inuka.org,+254799943466,Plus,Central,Consented,Digital Signature,2026-06-12 11:41:01,Active,Enrolled,1,0,1,0
INK-2026-1768,Asha Achieng,20013931,asha.achieng.768@inuka.org,+254710748528,Scholarship,Central,Consented,Physical Form,2026-03-04 11:41:01,Active,Enrolled,1,1,0,1
INK-2026-1769,Philip Ochieng,20013366,philip.ochieng.769@inuka.org,+254799725708,Vocational,Eastern,Pending,nan,nan,Active,Pending Review,0,0,0,0
INK-2026-1770,Julius Nyangau,20013562,julius.nyangau.770@inuka.org,+254792282899,Plus,Eastern,Pending,nan,nan,Active,Pending Review,0,0,0,0
INK-2026-1771,Michael Cherono,20013910,michael.cherono.771@inuka.org,+254729600153,Scholarship,Central,Consented,Digital Signature,2026-06-18 11:41:01,Active,Enrolled,1,1,1,0
INK-2026-1772,Asha Koech,20013478,asha.koech.772@inuka.org,+254773529468,Scholarship,Nairobi,Consented,Digital Signature,2026-04-20 11:41:01,Active,Enrolled,1,1,1,1
INK-2026-1773,Lydia Koech,20013850,lydia.koech.773@inuka.org,+254790148256,Vocational,North Eastern,Consented,SMS OTP,2026-04-06 11:41:01,Active,Enrolled,1,1,0,0
INK-2026-1774,Daniel Nduku,20013464,daniel.nduku.774@inuka.org,+254717187776,Vocational,North Eastern,Consented,Physical Form,2026-05-03 11:41:01,Active,Enrolled,1,1,0,1
INK-2026-1775,Emmanuel Mohamed,20013617,emmanuel.mohamed.775@inuka.org,+254767252113,Vocational,Eastern,Consented,SMS OTP,2026-05-27 11:41:01,Active,Enrolled,1,0,1,1
INK-2026-1776,Brian Kiprop,20013483,brian.kiprop.776@inuka.org,+254713591268,Plus,Eastern,Pending,nan,nan,Active,Pending Review,0,0,0,0
INK-2026-1777,Peter Mwangi,20014119,peter.mwangi.777@inuka.org,+254777854323,Vocational,Nyanza,Pending,nan,nan,Active,Pending Review,0,0,0,0
INK-2026-1778,Joyce Chelimo,20013846,joyce.chelimo.778@inuka.org,+254712564950,Vocational,North Eastern,Consented,SMS OTP,2026-04-01 11:41:01,Active,Enrolled,1,1,1,0
INK-2026-1779,Florence Wamalwa,20013931,florence.wamalwa.779@inuka.org,+254773565840,Plus,North Eastern,Consented,Digital Signature,2026-03-31 11:41:01,Active,Enrolled,1,1,1,1
INK-2026-1780,Evans Juma,20013508,evans.juma.780@inuka.org,+254763764546,Scholarship,Central,Consented,SMS OTP,2026-03-07 11:41:01,Active,Enrolled,1,1,1,1
INK-2026-1781,Moses Kiprop,20013517,moses.kiprop.781@inuka.org,+254791734559,Vocational,North Eastern,Consented,SMS OTP,2026-03-30 11:41:01,Active,Enrolled,1,1,0,1
INK-2026-1782,Agnes Ombati,20013515,agnes.ombati.782@inuka.org,+254733473277,Plus,Central,Consented,Digital Signature,2026-08-03 11:41:01,Active,Enrolled,1,0,1,1
INK-2026-1783,Philip Ibrahim,20013474,philip.ibrahim.783@inuka.org,+254710798969,Tech,Rift Valley,Consented,SMS OTP,2026-06-25 11:41:01,Active,Enrolled,1,0,1,1
INK-2026-1784,Andrew Achieng,20014294,andrew.achieng.784@inuka.org,+254787861985,Scholarship,Rift Valley,Consented,SMS OTP,2026-04-06 11:41:01,Active,Enrolled,1,0,0,1
INK-2026-1785,Sarah Simiyu,20013646,sarah.simiyu.785@inuka.org,+254773611881,Plus,Western,Withdrawn,Digital Signature,2026-08-20 11:41:01,Active,On Hold,0,0,0,0
INK-2026-1786,Stephen Rotich,20014111,stephen.rotich.786@inuka.org,+254725679763,Tech,Central,Consented,SMS OTP,2026-07-18 11:41:01,Active,Enrolled,1,1,1,1
INK-2026-1787,Geoffrey Njoroge,20014140,geoffrey.njoroge.787@inuka.org,+254717569681,Plus,Coastal,Consented,Physical Form,2026-02-18 11:41:01,Active,Enrolled,1,0,0,1
INK-2026-1788,Mary Jebet,20013620,mary.jebet.788@inuka.org,+254738535692,Tech,Nyanza,Consented,Physical Form,2026-04-26 11:41:01,Active,Enrolled,1,0,1,0
INK-2026-1789,Anita Njoroge,20013766,anita.njoroge.789@inuka.org,+254734526801,Scholarship,North Eastern,Pending,nan,nan,Active,Pending Review,0,0,0,0
INK-2026-1790,Geoffrey Njoroge,20014037,geoffrey.njoroge.790@inuka.org,+254750505777,Scholarship,Nyanza,Consented,Physical Form,2026-05-19 11:41:01,Active,Enrolled,1,1,1,0
INK-2026-1791,Fatuma Omondi,20013741,fatuma.omondi.791@inuka.org,+254796379549,Tech,Nairobi,Consented,Physical Form,2026-05-02 11:41:01,Active,Enrolled,1,1,1,1
INK-2026-1792,Andrew Njoroge,20014286,andrew.njoroge.792@inuka.org,+254719890816,Tech,Nairobi,Consented,Digital Signature,2026-08-08 11:41:01,Active,Enrolled,1,0,0,0
INK-2026-1793,Geoffrey Mwangi,20013715,geoffrey.mwangi.793@inuka.org,+254734154579,Scholarship,Nyanza,Consented,Physical Form,2026-03-30 11:41:01,Active,Enrolled,1,0,1,1
INK-2026-1794,Charles Wanyama,20013721,charles.wanyama.794@inuka.org,+254774370761,Tech,Western,Consented,Digital Signature,2026-05-15 11:41:01,Active,Enrolled,1,1,1,0
INK-2026-1795,Zainab Ombati,20014416,zainab.ombati.795@inuka.org,+254729311513,Scholarship,Nyanza,Pending,nan,nan,Active,Pending Review,0,0,0,0
INK-2026-1796,Lydia Koech,20013914,lydia.koech.796@inuka.org,+254783962404,Tech,Eastern,Consented,SMS OTP,2026-04-13 11:41:01,Active,Enrolled,1,1,1,1
INK-2026-1797,Julius Onyango,20014074,julius.onyango.797@inuka.org,+254745692321,Tech,North Eastern,Consented,Digital Signature,2026-04-16 11:41:01,Active,Enrolled,1,1,1,1
INK-2026-1798,James Wambui,20014324,james.wambui.798@inuka.org,+254742711481,Vocational,Nyanza,Consented,SMS OTP,2026-06-10 11:41:01,Active,Enrolled,1,1,1,1
INK-2026-1799,Zainab Wambui,20013702,zainab.wambui.799@inuka.org,+254782679909,Tech,North Eastern,Consented,Digital Signature,2026-06-28 11:41:01,Active,Enrolled,1,1,1,1
INK-2026-1800,Emmanuel Wekesa,20013829,emmanuel.wekesa.800@inuka.org,+254774534175,Plus,Eastern,Consented,SMS OTP,2026-02-03 11:41:01,Active,Enrolled,1,0,1,0
INK-2026-1801,James Onyango,20014226,james.onyango.801@inuka.org,+254728976798,Tech,Eastern,Pending,nan,nan,Active,Pending Review,0,0,0,0
INK-2026-1802,John Kimani,20014165,john.kimani.802@inuka.org,+254728901406,Vocational,Central,Consented,Physical Form,2026-02-26 11:41:01,Active,Enrolled,1,1,1,1
INK-2026-1803,Evans Kipruto,20014514,evans.kipruto.803@inuka.org,+254723844581,Tech,Nairobi,Consented,Digital Signature,2026-08-14 11:41:01,Active,Enrolled,1,0,1,0
INK-2026-1804,Andrew Onyango,20013820,andrew.onyango.804@inuka.org,+254750521519,Vocational,Eastern,Consented,Physical Form,2026-03-22 11:41:01,Active,Enrolled,1,0,1,0
INK-2026-1805,Emmanuel Wanyama,20014632,emmanuel.wanyama.805@inuka.org,+254735449606,Vocational,Eastern,Consented,Digital Signature,2026-04-01 11:41:01,Active,Enrolled,1,0,1,1
INK-2026-1806,Zainab Kimani,20014174,zainab.kimani.806@inuka.org,+254718207900,Scholarship,Central,Consented,Physical Form,2026-06-11 11:41:01,Active,Enrolled,1,1,1,0
INK-2026-1807,Kevin Mwangi,20014277,kevin.mwangi.807@inuka.org,+254795141782,Tech,North Eastern,Consented,Physical Form,2026-04-04 11:41:01,Active,Enrolled,1,1,0,1
INK-2026-1808,Lydia Omondi,20013997,lydia.omondi.808@inuka.org,+254746240736,Vocational,Rift Valley,Consented,Digital Signature,2026-03-14 11:41:01,Active,Enrolled,1,1,1,1
INK-2026-1809,Lucy Wangari,20014386,lucy.wangari.809@inuka.org,+254731591848,Vocational,Nairobi,Pending,nan,nan,Active,Pending Review,0,0,0,0
INK-2026-1810,Peter Wanyama,20014497,peter.wanyama.810@inuka.org,+254795717639,Scholarship,Western,Consented,Physical Form,2026-05-02 11:41:01,Active,Enrolled,1,1,0,1
INK-2026-1811,Gladys Ekiru,20014698,gladys.ekiru.811@inuka.org,+254728269558,Scholarship,Nairobi,Consented,Physical Form,2026-03-28 11:41:01,Active,Enrolled,1,1,1,1
INK-2026-1812,Moses Karanja,20014471,moses.karanja.812@inuka.org,+254744185715,Scholarship,Western,Consented,SMS OTP,2026-05-07 11:41:01,Active,Enrolled,1,1,1,1
INK-2026-1813,Grace Rotich,20014136,grace.rotich.813@inuka.org,+254739157574,Vocational,Nyanza,Consented,SMS OTP,2026-07-09 11:41:01,Active,Enrolled,1,1,1,1
INK-2026-1814,Jane Kariuki,20014210,jane.kariuki.814@inuka.org,+254736980524,Scholarship,Rift Valley,Consented,SMS OTP,2026-08-11 11:41:01,Active,Enrolled,1,1,1,0
INK-2026-1815,Joyce Kiptoo,20014475,joyce.kiptoo.815@inuka.org,+254726510579,Scholarship,Rift Valley,Consented,Digital Signature,2026-05-11 11:41:01,Active,Enrolled,1,1,1,1
INK-2026-1816,Eunice Barasa,20014086,eunice.barasa.816@inuka.org,+254763659607,Vocational,North Eastern,Consented,Physical Form,2026-03-10 11:41:01,Active,Enrolled,1,1,0,0
INK-2026-1817,Charles Kipruto,20014780,charles.kipruto.817@inuka.org,+254724566257,Tech,Western,Consented,SMS OTP,2026-06-25 11:41:01,Active,Enrolled,1,1,1,0
INK-2026-1818,Patrick Maina,20014571,patrick.maina.818@inuka.org,+254789556667,Scholarship,Nairobi,Consented,SMS OTP,2026-06-16 11:41:01,Active,Enrolled,1,1,0,0
INK-2026-1819,Catherine Lagat,20014712,catherine.lagat.819@inuka.org,+254730860290,Scholarship,Western,Consented,Physical Form,2026-03-14 11:41:01,Active,Enrolled,1,1,0,1
INK-2026-1820,Brian Wanjiku,20014232,brian.wanjiku.820@inuka.org,+254756763514,Scholarship,Nyanza,Consented,Physical Form,2026-07-09 11:41:01,Active,Enrolled,1,1,1,1
INK-2026-1821,Catherine Wanjiku,20014262,catherine.wanjiku.821@inuka.org,+254749290345,Tech,Western,Consented,Digital Signature,2026-07-17 11:41:01,Active,Enrolled,1,0,1,1
INK-2026-1822,Anita Kamau,20014787,anita.kamau.822@inuka.org,+254731420577,Scholarship,Eastern,Consented,Digital Signature,2026-06-15 11:41:01,Active,Enrolled,1,1,1,1
INK-2026-1823,Lucy Wangari,20014228,lucy.wangari.823@inuka.org,+254752450631,Vocational,North Eastern,Consented,Physical Form,2026-06-14 11:41:01,Active,Enrolled,1,0,1,1
INK-2026-1824,Faith Sang,20014711,faith.sang.824@inuka.org,+254789985881,Plus,North Eastern,Consented,Physical Form,2026-08-02 11:41:01,Active,Enrolled,1,0,1,1
INK-2026-1825,John Njoroge,20014861,john.njoroge.825@inuka.org,+254798558481,Tech,North Eastern,Consented,Physical Form,2026-06-03 11:41:01,Active,Enrolled,1,1,1,1
INK-2026-1826,Jane Kiptoo,20014306,jane.kiptoo.826@inuka.org,+254745162208,Tech,Rift Valley,Consented,Digital Signature,2026-06-04 11:41:01,Active,Enrolled,1,1,1,1
INK-2026-1827,Grace Nduku,20014689,grace.nduku.827@inuka.org,+254736396235,Vocational,Central,Consented,Physical Form,2026-05-14 11:41:01,Active,Enrolled,1,0,1,1
INK-2026-1828,Geoffrey Njoroge,20014848,geoffrey.njoroge.828@inuka.org,+254788852689,Scholarship,Nairobi,Pending,nan,nan,Active,Pending Review,0,0,0,0
INK-2026-1829,Sarah Kariuki,20014830,sarah.kariuki.829@inuka.org,+254771100518,Vocational,North Eastern,Consented,SMS OTP,2026-04-14 11:41:01,Active,Enrolled,1,1,0,0
INK-2026-1830,Robert Rotich,20014637,robert.rotich.830@inuka.org,+254749482288,Scholarship,Eastern,Consented,Physical Form,2026-03-13 11:41:01,Active,Enrolled,1,1,1,1
INK-2026-1831,Daniel Nyambura,20014637,daniel.nyambura.831@inuka.org,+254732162226,Tech,Nairobi,Withdrawn,Physical Form,2026-07-06 11:41:01,Active,On Hold,0,0,0,0
INK-2026-1832,Joseph Koech,20015097,joseph.koech.832@inuka.org,+254723896321,Tech,Central,Consented,Physical Form,2026-07-16 11:41:01,Active,Enrolled,1,0,1,1
INK-2026-1833,Charles Sang,20014511,charles.sang.833@inuka.org,+254773545842,Plus,Nyanza,Consented,SMS OTP,2026-04-11 11:41:01,Active,Enrolled,1,0,1,1
INK-2026-1834,Florence Ibrahim,20014886,florence.ibrahim.834@inuka.org,+254778701958,Plus,North Eastern,Consented,SMS OTP,2026-07-13 11:41:01,Active,Enrolled,1,1,1,0
INK-2026-1835,Ruth Kipkorir,20015044,ruth.kipkorir.835@inuka.org,+254790101131,Scholarship,Nyanza,Pending,nan,nan,Active,Pending Review,0,0,0,0
INK-2026-1836,Jane Kamau,20014441,jane.kamau.836@inuka.org,+254757369730,Tech,Central,Consented,Digital Signature,2026-03-06 11:41:01,Active,Enrolled,1,0,1,1
INK-2026-1837,Gladys Kiarie,20014342,gladys.kiarie.837@inuka.org,+254769885833,Scholarship,Central,Consented,SMS OTP,2026-03-23 11:41:01,Active,Enrolled,1,0,0,0
INK-2026-1838,Brian Rotich,20014393,brian.rotich.838@inuka.org,+254745451270,Plus,Central,Pending,nan,nan,Active,Pending Review,0,0,0,0
INK-2026-1839,Lucy Maina,20015072,lucy.maina.839@inuka.org,+254783783118,Tech,Eastern,Consented,SMS OTP,2026-08-16 11:41:01,Active,Enrolled,1,0,1,1
INK-2026-1840,Lucy Lagat,20015035,lucy.lagat.840@inuka.org,+254715990751,Tech,Nairobi,Withdrawn,SMS OTP,2026-08-11 11:41:01,Active,On Hold,0,0,0,0
INK-2026-1841,David Kiarie,20014775,david.kiarie.841@inuka.org,+254797247451,Scholarship,Eastern,Pending,nan,nan,Active,Pending Review,0,0,0,0
INK-2026-1842,David Chelimo,20014437,david.chelimo.842@inuka.org,+254798776744,Vocational,Central,Consented,Physical Form,2026-02-20 11:41:01,Active,Enrolled,1,0,1,1
INK-2026-1843,Florence Mwangi,20014646,florence.mwangi.843@inuka.org,+254778868758,Vocational,Nyanza,Consented,Physical Form,2026-04-29 11:41:01,Active,Enrolled,1,1,0,0
INK-2026-1844,Joseph Achieng,20014920,joseph.achieng.844@inuka.org,+254722401334,Plus,Central,Consented,Physical Form,2026-06-01 11:41:01,Active,Enrolled,1,1,1,0
INK-2026-1845,Catherine Wanjiku,20015346,catherine.wanjiku.845@inuka.org,+254712852566,Scholarship,North Eastern,Consented,Digital Signature,2026-04-22 11:41:01,Active,Enrolled,1,1,1,0
INK-2026-1846,Beatrice Njoroge,20014572,beatrice.njoroge.846@inuka.org,+254799111491,Scholarship,Eastern,Consented,SMS OTP,2026-02-14 11:41:01,Active,Enrolled,1,0,1,1
INK-2026-1847,Simon Chepkemoi,20015034,simon.chepkemoi.847@inuka.org,+254719877921,Tech,Western,Pending,nan,nan,Active,Pending Review,0,0,0,0
INK-2026-1848,Asha Kemei,20015347,asha.kemei.848@inuka.org,+254795773429,Tech,Coastal,Consented,Digital Signature,2026-02-07 11:41:01,Active,Enrolled,1,1,1,0
INK-2026-1849,Brian Jebet,20014741,brian.jebet.849@inuka.org,+254751768964,Vocational,Central,Consented,SMS OTP,2026-03-31 11:41:01,Active,Enrolled,1,1,1,1
INK-2026-1850,Beatrice Ekiru,20015177,beatrice.ekiru.850@inuka.org,+254793909142,Scholarship,Western,Consented,SMS OTP,2026-02-05 11:41:01,Active,Enrolled,1,0,0,0
INK-2026-1851,Jane Ali,20014739,jane.ali.851@inuka.org,+254737542281,Plus,Central,Consented,Digital Signature,2026-02-12 11:41:01,Active,Enrolled,1,0,1,1
INK-2026-1852,Charles Wambui,20015179,charles.wambui.852@inuka.org,+254714254237,Scholarship,Western,Consented,Digital Signature,2026-06-14 11:41:01,Active,Enrolled,1,0,1,0
INK-2026-1853,Daniel Nyambura,20015166,daniel.nyambura.853@inuka.org,+254755718934,Vocational,Western,Consented,Digital Signature,2026-02-11 11:41:01,Active,Enrolled,1,1,1,0
INK-2026-1854,Esther Koech,20015372,esther.koech.854@inuka.org,+254720203703,Vocational,Coastal,Consented,Physical Form,2026-04-19 11:41:01,Active,Enrolled,1,0,1,1
INK-2026-1855,Faith Karanja,20014650,faith.karanja.855@inuka.org,+254743765809,Plus,North Eastern,Consented,Digital Signature,2026-04-11 11:41:01,Active,Enrolled,1,0,1,1
INK-2026-1856,Robert Muthoni,20015364,robert.muthoni.856@inuka.org,+254751207243,Scholarship,Nyanza,Consented,SMS OTP,2026-07-07 11:41:01,Active,Enrolled,1,1,0,1
INK-2026-1857,Patrick Wambui,20014779,patrick.wambui.857@inuka.org,+254744864935,Scholarship,Central,Pending,nan,nan,Active,Pending Review,0,0,0,0
INK-2026-1858,Brian Nekesa,20014699,brian.nekesa.858@inuka.org,+254796693404,Tech,Central,Consented,Physical Form,2026-05-13 11:41:01,Active,Enrolled,1,1,1,1
INK-2026-1859,Beatrice Njoroge,20015365,beatrice.njoroge.859@inuka.org,+254772297554,Tech,Coastal,Consented,Digital Signature,2026-05-18 11:41:01,Active,Enrolled,1,1,1,1
INK-2026-1860,Ruth Nekesa,20015495,ruth.nekesa.860@inuka.org,+254768652643,Scholarship,North Eastern,Consented,SMS OTP,2026-04-26 11:41:01,Active,Enrolled,1,1,0,1
INK-2026-1861,Ruth Kemei,20014859,ruth.kemei.861@inuka.org,+254721528954,Vocational,Eastern,Consented,Digital Signature,2026-04-26 11:41:01,Active,Enrolled,1,1,1,0
INK-2026-1862,Esther Ekiru,20014788,esther.ekiru.862@inuka.org,+254770658380,Vocational,North Eastern,Consented,Digital Signature,2026-04-10 11:41:01,Active,Enrolled,1,0,1,0
INK-2026-1863,Moses Nduku,20015500,moses.nduku.863@inuka.org,+254789191818,Vocational,Central,Consented,Digital Signature,2026-05-30 11:41:01,Active,Enrolled,1,0,1,1
INK-2026-1864,Esther Karanja,20015286,esther.karanja.864@inuka.org,+254760207728,Vocational,Coastal,Consented,Physical Form,2026-06-10 11:41:01,Active,Enrolled,1,1,0,0
INK-2026-1865,Collins Sang,20015470,collins.sang.865@inuka.org,+254734240957,Vocational,North Eastern,Consented,Digital Signature,2026-03-25 11:41:01,Active,Enrolled,1,1,0,1
INK-2026-1866,Ruth Chelimo,20015634,ruth.chelimo.866@inuka.org,+254719122949,Scholarship,Central,Consented,Physical Form,2026-06-29 11:41:01,Active,Enrolled,1,1,1,1
INK-2026-1867,Esther Nduku,20015451,esther.nduku.867@inuka.org,+254768597254,Tech,Nyanza,Consented,SMS OTP,2026-08-01 11:41:01,Active,Enrolled,1,1,0,0
INK-2026-1868,Brian Kiptoo,20015099,brian.kiptoo.868@inuka.org,+254798892308,Scholarship,Western,Pending,nan,nan,Active,Pending Review,0,0,0,0
INK-2026-1869,Eunice Kiarie,20014929,eunice.kiarie.869@inuka.org,+254788929380,Scholarship,North Eastern,Consented,Digital Signature,2026-02-23 11:41:01,Active,Enrolled,1,0,0,1
INK-2026-1870,Joyce Nyangau,20015049,joyce.nyangau.870@inuka.org,+254759111829,Tech,Nairobi,Consented,Physical Form,2026-04-06 11:41:01,Active,Enrolled,1,0,0,1
INK-2026-1871,Geoffrey Wamalwa,20015742,geoffrey.wamalwa.871@inuka.org,+254738810639,Plus,Rift Valley,Withdrawn,Physical Form,2026-07-30 11:41:01,Active,On Hold,0,0,0,0
INK-2026-1872,Philip Ali,20015132,philip.ali.872@inuka.org,+254733216685,Plus,Coastal,Consented,Digital Signature,2026-05-19 11:41:01,Active,Enrolled,1,0,1,1
INK-2026-1873,Esther Wanyama,20015519,esther.wanyama.873@inuka.org,+254736239567,Tech,Rift Valley,Consented,SMS OTP,2026-04-24 11:41:01,Active,Enrolled,1,1,1,1
INK-2026-1874,Gladys Karanja,20015228,gladys.karanja.874@inuka.org,+254737510675,Vocational,Nyanza,Consented,SMS OTP,2026-07-23 11:41:01,Active,Enrolled,1,1,1,1
INK-2026-1875,Zainab Rotich,20015013,zainab.rotich.875@inuka.org,+254770178721,Vocational,Eastern,Consented,Digital Signature,2026-02-03 11:41:01,Active,Enrolled,1,0,1,0
INK-2026-1876,Sarah Otieno,20015178,sarah.otieno.876@inuka.org,+254743428196,Scholarship,Western,Pending,nan,nan,Active,Pending Review,0,0,0,0
INK-2026-1877,Joyce Omondi,20015748,joyce.omondi.877@inuka.org,+254738877974,Plus,Nairobi,Consented,SMS OTP,2026-04-26 11:41:01,Active,Enrolled,1,1,0,1
INK-2026-1878,Paul Mwangi,20015098,paul.mwangi.878@inuka.org,+254742833623,Plus,Coastal,Consented,Digital Signature,2026-05-26 11:41:01,Active,Enrolled,1,1,1,0
INK-2026-1879,Lydia Njoroge,20015904,lydia.njoroge.879@inuka.org,+254722951739,Tech,Central,Withdrawn,Physical Form,2026-08-10 11:41:01,Active,On Hold,0,0,0,0
INK-2026-1880,Faith Chelimo,20015519,faith.chelimo.880@inuka.org,+254769498736,Tech,Nairobi,Consented,Digital Signature,2026-07-02 11:41:01,Active,Enrolled,1,0,1,0
INK-2026-1881,Brian Kemei,20015407,brian.kemei.881@inuka.org,+254752339639,Vocational,Central,Consented,Physical Form,2026-02-18 11:41:01,Active,Enrolled,1,0,1,1
INK-2026-1882,Grace Mwangi,20015303,grace.mwangi.882@inuka.org,+254715965170,Tech,Nyanza,Consented,Physical Form,2026-07-21 11:41:01,Active,Enrolled,1,0,1,0
INK-2026-1883,Emmanuel Rotich,20015836,emmanuel.rotich.883@inuka.org,+254739198118,Vocational,Central,Consented,Digital Signature,2026-06-06 11:41:01,Active,Enrolled,1,0,1,1
INK-2026-1884,James Wekesa,20015678,james.wekesa.884@inuka.org,+254713997581,Scholarship,Western,Pending,nan,nan,Active,Pending Review,0,0,0,0
INK-2026-1885,Jane Wamalwa,20015558,jane.wamalwa.885@inuka.org,+254737626414,Scholarship,Nyanza,Consented,SMS OTP,2026-04-27 11:41:01,Active,Enrolled,1,1,0,1
INK-2026-1886,Agnes Kiprop,20015700,agnes.kiprop.886@inuka.org,+254748878862,Plus,Coastal,Consented,Physical Form,2026-04-12 11:41:01,Active,Enrolled,1,1,0,1
INK-2026-1887,Rachael Kipruto,20015330,rachael.kipruto.887@inuka.org,+254790953224,Scholarship,Rift Valley,Pending,nan,nan,Active,Pending Review,0,0,0,0
INK-2026-1888,Florence Kipruto,20015635,florence.kipruto.888@inuka.org,+254720836920,Scholarship,Coastal,Consented,SMS OTP,2026-05-05 11:41:01,Active,Enrolled,1,0,1,1
INK-2026-1889,Halima Kimani,20015477,halima.kimani.889@inuka.org,+254760646152,Vocational,Rift Valley,Consented,Physical Form,2026-05-21 11:41:01,Active,Enrolled,1,0,0,1
INK-2026-1890,Kevin Mohamed,20016054,kevin.mohamed.890@inuka.org,+254781700841,Vocational,Nairobi,Consented,Physical Form,2026-07-28 11:41:01,Active,Enrolled,1,0,1,1
INK-2026-1891,Anita Otieno,20015977,anita.otieno.891@inuka.org,+254771545688,Plus,Nyanza,Consented,Digital Signature,2026-04-13 11:41:01,Active,Enrolled,1,0,1,1
INK-2026-1892,Julius Mwangi,20015777,julius.mwangi.892@inuka.org,+254773261401,Plus,Central,Consented,Physical Form,2026-04-25 11:41:01,Active,Enrolled,1,0,1,0
INK-2026-1893,Mercy Mohamed,20015514,mercy.mohamed.893@inuka.org,+254793643212,Scholarship,Eastern,Consented,Digital Signature,2026-03-30 11:41:01,Active,Enrolled,1,1,1,0
INK-2026-1894,Philip Njoroge,20015776,philip.njoroge.894@inuka.org,+254786550624,Scholarship,Coastal,Consented,Digital Signature,2026-04-13 11:41:01,Active,Enrolled,1,1,1,1
INK-2026-1895,Zainab Ombati,20015643,zainab.ombati.895@inuka.org,+254710540643,Vocational,Nairobi,Consented,SMS OTP,2026-03-22 11:41:01,Active,Enrolled,1,1,1,1
INK-2026-1896,Emmanuel Barasa,20015349,emmanuel.barasa.896@inuka.org,+254754356916,Tech,Nyanza,Consented,Digital Signature,2026-03-04 11:41:01,Active,Enrolled,1,0,0,1
INK-2026-1897,Rachael Njoroge,20015374,rachael.njoroge.897@inuka.org,+254782222858,Tech,Eastern,Consented,SMS OTP,2026-07-04 11:41:01,Active,Enrolled,1,1,1,0
INK-2026-1898,Mercy Odhiambo,20015403,mercy.odhiambo.898@inuka.org,+254718356907,Scholarship,Nyanza,Consented,Digital Signature,2026-07-18 11:41:01,Active,Enrolled,1,0,0,1
INK-2026-1899,Fatuma Jebet,20015780,fatuma.jebet.899@inuka.org,+254771674766,Tech,North Eastern,Consented,Physical Form,2026-02-22 11:41:01,Active,Enrolled,1,1,1,1
INK-2026-1900,Esther Nyambura,20015915,esther.nyambura.900@inuka.org,+254713739206,Scholarship,Central,Consented,Physical Form,2026-07-18 11:41:01,Active,Enrolled,1,1,1,0
INK-2026-1901,John Ekiru,20015845,john.ekiru.901@inuka.org,+254751655792,Plus,Rift Valley,Consented,Digital Signature,2026-07-06 11:41:01,Active,Enrolled,1,0,1,0
INK-2026-1902,Michael Hassan,20015463,michael.hassan.902@inuka.org,+254775631200,Plus,Western,Pending,nan,nan,Active,Pending Review,0,0,0,0
INK-2026-1903,Joyce Wangari,20015999,joyce.wangari.903@inuka.org,+254724454830,Tech,Nairobi,Consented,Physical Form,2026-08-09 11:41:01,Active,Enrolled,1,1,1,1
INK-2026-1904,Charles Barasa,20016355,charles.barasa.904@inuka.org,+254794108905,Vocational,Rift Valley,Consented,Physical Form,2026-07-25 11:41:01,Active,Enrolled,1,1,1,1
INK-2026-1905,Gladys Muthoni,20015874,gladys.muthoni.905@inuka.org,+254781806270,Tech,Rift Valley,Consented,Physical Form,2026-05-06 11:41:01,Active,Enrolled,1,0,1,0
INK-2026-1906,Anita Nyambura,20016137,anita.nyambura.906@inuka.org,+254736184787,Plus,Rift Valley,Consented,Physical Form,2026-07-23 11:41:01,Active,Enrolled,1,1,1,1
INK-2026-1907,Catherine Nyangau,20015824,catherine.nyangau.907@inuka.org,+254713375277,Scholarship,Nyanza,Consented,Digital Signature,2026-02-09 11:41:01,Active,Enrolled,1,0,1,0
INK-2026-1908,Charles Kimani,20015818,charles.kimani.908@inuka.org,+254765654946,Tech,Nairobi,Consented,Digital Signature,2026-04-28 11:41:01,Active,Enrolled,1,1,1,1
INK-2026-1909,Joyce Omondi,20015668,joyce.omondi.909@inuka.org,+254774634538,Plus,Coastal,Consented,Physical Form,2026-06-17 11:41:01,Active,Enrolled,1,1,1,1
INK-2026-1910,Jane Wekesa,20015817,jane.wekesa.910@inuka.org,+254737291729,Vocational,Rift Valley,Consented,Digital Signature,2026-07-12 11:41:01,Active,Enrolled,1,1,0,0
INK-2026-1911,Eunice Chepkemoi,20015890,eunice.chepkemoi.911@inuka.org,+254724719158,Vocational,Nyanza,Consented,Digital Signature,2026-03-26 11:41:01,Active,Enrolled,1,0,1,0
INK-2026-1912,Esther Onyango,20016115,esther.onyango.912@inuka.org,+254719567548,Plus,Western,Consented,Digital Signature,2026-04-18 11:41:01,Active,Enrolled,1,1,1,1
INK-2026-1913,Geoffrey Nekesa,20015923,geoffrey.nekesa.913@inuka.org,+254723255968,Tech,Central,Consented,Physical Form,2026-03-24 11:41:01,Active,Enrolled,1,1,0,1
INK-2026-1914,Kevin Simiyu,20016363,kevin.simiyu.914@inuka.org,+254714466779,Vocational,North Eastern,Consented,SMS OTP,2026-07-19 11:41:01,Active,Enrolled,1,0,0,0
INK-2026-1915,Esther Barasa,20016408,esther.barasa.915@inuka.org,+254795786788,Vocational,Nairobi,Consented,SMS OTP,2026-03-14 11:41:01,Active,Enrolled,1,1,0,1
INK-2026-1916,Florence Omondi,20015766,florence.omondi.916@inuka.org,+254755308354,Vocational,Western,Consented,Digital Signature,2026-06-12 11:41:01,Active,Enrolled,1,1,1,1
INK-2026-1917,Moses Mwangi,20015728,moses.mwangi.917@inuka.org,+254711854785,Scholarship,Eastern,Pending,nan,nan,Active,Pending Review,0,0,0,0
INK-2026-1918,James Koech,20016346,james.koech.918@inuka.org,+254788356145,Vocational,Rift Valley,Pending,nan,nan,Active,Pending Review,0,0,0,0
INK-2026-1919,Gladys Chepkemoi,20016527,gladys.chepkemoi.919@inuka.org,+254741131458,Scholarship,North Eastern,Consented,Digital Signature,2026-07-03 11:41:01,Active,Enrolled,1,1,1,1
INK-2026-1920,Rose Mwangi,20016563,rose.mwangi.920@inuka.org,+254754442490,Tech,Eastern,Consented,Digital Signature,2026-05-16 11:41:01,Active,Enrolled,1,1,1,1
INK-2026-1921,Wycliffe Chelimo,20016147,wycliffe.chelimo.921@inuka.org,+254761610554,Plus,Rift Valley,Consented,Digital Signature,2026-04-09 11:41:01,Active,Enrolled,1,1,1,0
INK-2026-1922,Andrew Lagat,20016283,andrew.lagat.922@inuka.org,+254731448230,Tech,Rift Valley,Consented,Digital Signature,2026-06-11 11:41:01,Active,Enrolled,1,0,1,1
INK-2026-1923,Andrew Maina,20016425,andrew.maina.923@inuka.org,+254784239717,Plus,Coastal,Consented,SMS OTP,2026-05-24 11:41:01,Active,Enrolled,1,1,1,0
INK-2026-1924,Evans Chepkemoi,20016493,evans.chepkemoi.924@inuka.org,+254771422440,Tech,Nairobi,Consented,SMS OTP,2026-03-01 11:41:01,Active,Enrolled,1,0,0,0
INK-2026-1925,Jane Omondi,20016117,jane.omondi.925@inuka.org,+254713705394,Tech,Eastern,Consented,SMS OTP,2026-03-15 11:41:01,Active,Enrolled,1,1,1,0
INK-2026-1926,Lucy Wanyama,20015989,lucy.wanyama.926@inuka.org,+254748602929,Scholarship,Western,Consented,Physical Form,2026-06-20 11:41:01,Active,Enrolled,1,0,0,1
INK-2026-1927,Gladys Achieng,20016114,gladys.achieng.927@inuka.org,+254788987764,Tech,Central,Consented,Physical Form,2026-06-19 11:41:01,Active,Enrolled,1,0,0,0
INK-2026-1928,Stephen Nekesa,20016389,stephen.nekesa.928@inuka.org,+254746115172,Plus,Nairobi,Pending,nan,nan,Active,Pending Review,0,0,0,0
INK-2026-1929,Emmanuel Kipruto,20016667,emmanuel.kipruto.929@inuka.org,+254741181467,Tech,Nyanza,Consented,SMS OTP,2026-02-05 11:41:01,Active,Enrolled,1,1,1,1
INK-2026-1930,Geoffrey Lagat,20016310,geoffrey.lagat.930@inuka.org,+254737994635,Plus,Western,Consented,SMS OTP,2026-07-01 11:41:01,Active,Enrolled,1,1,0,1
INK-2026-1931,Alice Nyambura,20016822,alice.nyambura.931@inuka.org,+254770968907,Tech,Eastern,Consented,Physical Form,2026-04-17 11:41:01,Active,Enrolled,1,1,1,0
INK-2026-1932,Eunice Kemei,20016361,eunice.kemei.932@inuka.org,+254766885813,Tech,Eastern,Withdrawn,Physical Form,2026-07-18 11:41:01,Active,On Hold,0,0,0,0
INK-2026-1933,Geoffrey Nekesa,20016602,geoffrey.nekesa.933@inuka.org,+254711224783,Vocational,Rift Valley,Consented,Digital Signature,2026-06-08 11:41:01,Active,Enrolled,1,0,1,1
INK-2026-1934,Rose Nduku,20016198,rose.nduku.934@inuka.org,+254753490169,Plus,North Eastern,Consented,SMS OTP,2026-08-02 11:41:01,Active,Enrolled,1,1,1,0
INK-2026-1935,Francis Wanjiku,20016731,francis.wanjiku.935@inuka.org,+254778213898,Tech,Nyanza,Consented,Digital Signature,2026-06-23 11:41:01,Active,Enrolled,1,1,1,1
INK-2026-1936,Peter Wanyama,20016810,peter.wanyama.936@inuka.org,+254769295157,Tech,Nyanza,Consented,Digital Signature,2026-08-04 11:41:01,Active,Enrolled,1,1,0,1
INK-2026-1937,Mercy Sang,20016235,mercy.sang.937@inuka.org,+254726333467,Vocational,Rift Valley,Pending,nan,nan,Active,Pending Review,0,0,0,0
INK-2026-1938,Lucy Omondi,20016461,lucy.omondi.938@inuka.org,+254736453284,Tech,North Eastern,Consented,Physical Form,2026-08-03 11:41:01,Active,Enrolled,1,1,1,0
INK-2026-1939,Sarah Omondi,20016950,sarah.omondi.939@inuka.org,+254725305326,Scholarship,Nairobi,Consented,Digital Signature,2026-03-12 11:41:01,Active,Enrolled,1,0,0,1
INK-2026-1940,Eunice Ibrahim,20016162,eunice.ibrahim.940@inuka.org,+254761264868,Scholarship,Central,Pending,nan,nan,Active,Pending Review,0,0,0,0
INK-2026-1941,Lydia Kariuki,20016283,lydia.kariuki.941@inuka.org,+254773501453,Scholarship,Central,Consented,Physical Form,2026-06-20 11:41:01,Active,Enrolled,1,1,0,1
INK-2026-1942,Faith Wekesa,20016223,faith.wekesa.942@inuka.org,+254710531841,Tech,Nairobi,Consented,Physical Form,2026-04-24 11:41:01,Active,Enrolled,1,1,1,1
INK-2026-1943,Charles Rotich,20016421,charles.rotich.943@inuka.org,+254783970967,Scholarship,Nyanza,Consented,Digital Signature,2026-06-17 11:41:01,Active,Enrolled,1,0,0,0
INK-2026-1944,Mercy Omondi,20016576,mercy.omondi.944@inuka.org,+254786671675,Vocational,Nyanza,Consented,SMS OTP,2026-07-28 11:41:01,Active,Enrolled,1,1,1,1
INK-2026-1945,Lydia Nduku,20016920,lydia.nduku.945@inuka.org,+254747999525,Tech,Western,Consented,Physical Form,2026-06-13 11:41:01,Active,Enrolled,1,1,0,1
INK-2026-1946,Anita Mutua,20016256,anita.mutua.946@inuka.org,+254729338799,Plus,Western,Pending,nan,nan,Active,Pending Review,0,0,0,0
INK-2026-1947,Collins Muthoni,20016283,collins.muthoni.947@inuka.org,+254713462804,Scholarship,Nairobi,Consented,SMS OTP,2026-08-18 11:41:01,Active,Enrolled,1,0,0,0
INK-2026-1948,Fatuma Ombati,20016390,fatuma.ombati.948@inuka.org,+254796279415,Scholarship,North Eastern,Withdrawn,Physical Form,2026-08-06 11:41:01,Active,On Hold,0,0,0,0
INK-2026-1949,Rose Kipkorir,20016668,rose.kipkorir.949@inuka.org,+254731357736,Plus,Western,Consented,SMS OTP,2026-03-02 11:41:01,Active,Enrolled,1,1,1,1
INK-2026-1950,Anita Wanjiku,20016646,anita.wanjiku.950@inuka.org,+254761607248,Plus,Central,Consented,Digital Signature,2026-05-29 11:41:01,Active,Enrolled,1,1,1,1
INK-2026-1951,Julius Wangari,20016622,julius.wangari.951@inuka.org,+254795815337,Plus,North Eastern,Consented,Physical Form,2026-02-08 11:41:01,Active,Enrolled,1,0,1,0
INK-2026-1952,Evans Ndwiga,20016511,evans.ndwiga.952@inuka.org,+254749111870,Plus,Nyanza,Withdrawn,SMS OTP,2026-07-03 11:41:01,Active,On Hold,0,0,0,0
INK-2026-1953,Michael Lagat,20016876,michael.lagat.953@inuka.org,+254722605390,Tech,Eastern,Consented,SMS OTP,2026-04-28 11:41:01,Active,Enrolled,1,1,1,1
INK-2026-1954,David Juma,20016956,david.juma.954@inuka.org,+254762379679,Plus,Eastern,Pending,nan,nan,Active,Pending Review,0,0,0,0
INK-2026-1955,Jane Simiyu,20016382,jane.simiyu.955@inuka.org,+254763922459,Plus,Coastal,Consented,Digital Signature,2026-06-10 11:41:01,Active,Enrolled,1,0,1,0
INK-2026-1956,Florence Ekiru,20016451,florence.ekiru.956@inuka.org,+254751527176,Tech,Western,Consented,Digital Signature,2026-08-01 11:41:01,Active,Enrolled,1,0,1,1
INK-2026-1957,Andrew Wanjiku,20016617,andrew.wanjiku.957@inuka.org,+254759421914,Tech,Nyanza,Consented,Physical Form,2026-07-24 11:41:01,Active,Enrolled,1,0,0,1
INK-2026-1958,Rachael Otieno,20016856,rachael.otieno.958@inuka.org,+254721966840,Tech,Nyanza,Pending,nan,nan,Active,Pending Review,0,0,0,0
INK-2026-1959,Anita Hassan,20016818,anita.hassan.959@inuka.org,+254741455553,Vocational,Nairobi,Consented,SMS OTP,2026-07-17 11:41:01,Active,Enrolled,1,0,1,0
INK-2026-1960,Kevin Sang,20016714,kevin.sang.960@inuka.org,+254757209386,Scholarship,Nairobi,Consented,Digital Signature,2026-02-16 11:41:01,Active,Enrolled,1,1,1,0
INK-2026-1961,Fatuma Kiptoo,20016833,fatuma.kiptoo.961@inuka.org,+254761901195,Tech,Central,Consented,SMS OTP,2026-08-02 11:41:01,Active,Enrolled,1,1,1,0
INK-2026-1962,Andrew Kipkorir,20016604,andrew.kipkorir.962@inuka.org,+254786124340,Plus,Coastal,Consented,Digital Signature,2026-07-09 11:41:01,Active,Enrolled,1,0,1,1
INK-2026-1963,Francis Kiptoo,20017327,francis.kiptoo.963@inuka.org,+254758173470,Scholarship,Nyanza,Consented,Physical Form,2026-02-02 11:41:01,Active,Enrolled,1,0,0,1
INK-2026-1964,Agnes Ibrahim,20016769,agnes.ibrahim.964@inuka.org,+254775284418,Tech,Nyanza,Consented,SMS OTP,2026-03-11 11:41:01,Active,Enrolled,1,1,1,1
INK-2026-1965,David Wanjiku,20016782,david.wanjiku.965@inuka.org,+254710351386,Vocational,Nyanza,Consented,SMS OTP,2026-02-21 11:41:01,Active,Enrolled,1,1,0,1
INK-2026-1966,Anita Kiarie,20016963,anita.kiarie.966@inuka.org,+254744685986,Scholarship,Nyanza,Consented,Digital Signature,2026-08-04 11:41:01,Active,Enrolled,1,0,0,1
INK-2026-1967,Daniel Ali,20016907,daniel.ali.967@inuka.org,+254710484647,Plus,Western,Consented,Digital Signature,2026-07-25 11:41:01,Active,Enrolled,1,0,1,0
INK-2026-1968,Fatuma Mohamed,20017075,fatuma.mohamed.968@inuka.org,+254731214949,Tech,Nairobi,Consented,Digital Signature,2026-08-17 11:41:01,Active,Enrolled,1,1,1,1
INK-2026-1969,Patrick Mohamed,20016916,patrick.mohamed.969@inuka.org,+254738633768,Tech,Rift Valley,Consented,Physical Form,2026-06-18 11:41:01,Active,Enrolled,1,1,0,1
INK-2026-1970,Gladys Ochieng,20016599,gladys.ochieng.970@inuka.org,+254742825601,Scholarship,North Eastern,Consented,Physical Form,2026-06-05 11:41:01,Active,Enrolled,1,0,0,1
INK-2026-1971,Halima Wangari,20017355,halima.wangari.971@inuka.org,+254753298937,Vocational,Rift Valley,Consented,SMS OTP,2026-03-12 11:41:01,Active,Enrolled,1,0,1,1
INK-2026-1972,Daniel Ibrahim,20017193,daniel.ibrahim.972@inuka.org,+254756603750,Scholarship,Nairobi,Consented,SMS OTP,2026-05-29 11:41:01,Active,Enrolled,1,1,1,0
INK-2026-1973,Emmanuel Maina,20017181,emmanuel.maina.973@inuka.org,+254765696681,Tech,North Eastern,Pending,nan,nan,Active,Pending Review,0,0,0,0
INK-2026-1974,James Kamau,20017164,james.kamau.974@inuka.org,+254755547239,Tech,North Eastern,Consented,Digital Signature,2026-04-18 11:41:01,Active,Enrolled,1,1,1,0
INK-2026-1975,Fatuma Kiprop,20017080,fatuma.kiprop.975@inuka.org,+254765854965,Tech,Nairobi,Consented,SMS OTP,2026-08-06 11:41:01,Active,Enrolled,1,1,1,1
INK-2026-1976,Fatuma Kariuki,20016865,fatuma.kariuki.976@inuka.org,+254780115154,Scholarship,Central,Withdrawn,Digital Signature,2026-08-15 11:41:01,Active,On Hold,0,0,0,0
INK-2026-1977,Ruth Sang,20016943,ruth.sang.977@inuka.org,+254714651740,Tech,Central,Consented,Physical Form,2026-06-20 11:41:01,Active,Enrolled,1,1,1,1
INK-2026-1978,Sarah Omondi,20016889,sarah.omondi.978@inuka.org,+254716748611,Vocational,Nyanza,Consented,Digital Signature,2026-05-23 11:41:01,Active,Enrolled,1,0,1,1
INK-2026-1979,Charles Nyambura,20017346,charles.nyambura.979@inuka.org,+254799996493,Vocational,Nyanza,Consented,Digital Signature,2026-07-09 11:41:01,Active,Enrolled,1,1,1,1
INK-2026-1980,Simon Rotich,20017164,simon.rotich.980@inuka.org,+254777357249,Plus,North Eastern,Consented,Physical Form,2026-08-01 11:41:01,Active,Enrolled,1,1,1,0
INK-2026-1981,Moses Koech,20016821,moses.koech.981@inuka.org,+254729679561,Scholarship,Eastern,Pending,nan,nan,Active,Pending Review,0,0,0,0
INK-2026-1982,Zainab Kiprop,20017654,zainab.kiprop.982@inuka.org,+254765449183,Scholarship,Rift Valley,Consented,Physical Form,2026-02-16 11:41:01,Active,Enrolled,1,0,1,1
INK-2026-1983,Anita Wambui,20016998,anita.wambui.983@inuka.org,+254716150157,Tech,Nairobi,Consented,Physical Form,2026-06-07 11:41:01,Active,Enrolled,1,0,1,1
INK-2026-1984,Mary Mohamed,20017084,mary.mohamed.984@inuka.org,+254737325204,Tech,Eastern,Pending,nan,nan,Active,Pending Review,0,0,0,0
INK-2026-1985,Gladys Omondi,20017039,gladys.omondi.985@inuka.org,+254777340720,Vocational,Western,Consented,Digital Signature,2026-04-20 11:41:01,Active,Enrolled,1,1,1,1
INK-2026-1986,Asha Ekiru,20017341,asha.ekiru.986@inuka.org,+254763201783,Tech,Western,Pending,nan,nan,Active,Pending Review,0,0,0,0
INK-2026-1987,Patrick Njoroge,20016936,patrick.njoroge.987@inuka.org,+254781991634,Tech,Nairobi,Consented,Physical Form,2026-02-17 11:41:01,Active,Enrolled,1,1,0,1
INK-2026-1988,Agnes Barasa,20017544,agnes.barasa.988@inuka.org,+254747709777,Vocational,Nairobi,Pending,nan,nan,Active,Pending Review,0,0,0,0
INK-2026-1989,Joyce Rotich,20017230,joyce.rotich.989@inuka.org,+254753955621,Scholarship,Rift Valley,Pending,nan,nan,Active,Pending Review,0,0,0,0
INK-2026-1990,Beatrice Lagat,20017769,beatrice.lagat.990@inuka.org,+254780703205,Tech,Eastern,Consented,Physical Form,2026-06-17 11:41:01,Active,Enrolled,1,0,0,0
INK-2026-1991,Andrew Ndwiga,20017603,andrew.ndwiga.991@inuka.org,+254736112881,Scholarship,Coastal,Withdrawn,SMS OTP,2026-07-24 11:41:01,Active,On Hold,0,0,0,0
INK-2026-1992,Mary Ndwiga,20017324,mary.ndwiga.992@inuka.org,+254763844253,Tech,Central,Consented,Physical Form,2026-02-03 11:41:01,Active,Enrolled,1,0,1,1
INK-2026-1993,Patrick Kiptoo,20017135,patrick.kiptoo.993@inuka.org,+254785826921,Tech,Eastern,Pending,nan,nan,Active,Pending Review,0,0,0,0
INK-2026-1994,Mary Rotich,20017263,mary.rotich.994@inuka.org,+254797144457,Tech,Central,Consented,SMS OTP,2026-04-04 11:41:01,Active,Enrolled,1,1,0,1
INK-2026-1995,Beatrice Hassan,20017381,beatrice.hassan.995@inuka.org,+254718500989,Tech,Western,Consented,Digital Signature,2026-03-23 11:41:01,Active,Enrolled,1,0,1,1
INK-2026-1996,Moses Maina,20017849,moses.maina.996@inuka.org,+254796459129,Scholarship,Western,Pending,nan,nan,Active,Pending Review,0,0,0,0
INK-2026-1997,Faith Muthoni,20017535,faith.muthoni.997@inuka.org,+254772268688,Plus,Coastal,Consented,Physical Form,2026-02-21 11:41:01,Active,Enrolled,1,1,1,1
INK-2026-1998,Eunice Kiarie,20017810,eunice.kiarie.998@inuka.org,+254737989839,Vocational,North Eastern,Consented,SMS OTP,2026-02-20 11:41:01,Active,Enrolled,1,0,0,1
INK-2026-1999,Geoffrey Nekesa,20017861,geoffrey.nekesa.999@inuka.org,+254746828928,Tech,North Eastern,Consented,Physical Form,2026-05-31 11:41:01,Active,Enrolled,1,1,1,1
INK-2026-2000,Philip Mutua,20017537,philip.mutua.1000@inuka.org,+254778465234,Scholarship,North Eastern,Consented,Digital Signature,2026-04-14 11:41:01,Active,Enrolled,1,1,1,1
